,SQ_CANDIDATO,NM_CANDIDATO,NM_URNA_CANDIDATO,NM_UE,SG_PARTIDO,DS_SIT_TOT_TURNO,DS_CARGO,QT_VOTOS_NOMINAIS,VR_DESPESA_CONTRATADA,DS_DESPESA,VR_RECEITA,DS_RECEITA,VR_VOTO
30305,50001190039,MARIVALDA MARTINS DOS SANTOS,MARIVALDA,MARAGOGIPE,PSOL,NÃO ELEITO,Vereador,1,5812.249999999999,['PRAGUINHAS 0·08 X 0·08' 'SANTINHOS 0·07 X 0·010'],6751.06,#NULO#,5812.249999999999
728,50000640437,MARIA DE LOURDES ROSA DE JESUS,BILEU,PONTO NOVO,PP,SUPLENTE,Vereador,3,10000.0,SANTINHOS,10000.0,#NULO#,3333.3333333333335
33732,50001224824,ALINE TORRES DE JESUS,PROFESSORA ALINE,ITACARÉ,PP,SUPLENTE,Vereador,6,20000.0,"['ADESIVO PERFURADO 70 X 40' 'ADESIVO VINIL 10 X 20'
 'ADESIVO VINIL 10 X 30' 'BANNER 70 X 50']",20075.95,"['#NULO#'
 'RECEBIMENTO DE DOAÇÃO ESTIMADA DOS SERVICOS ADVOCATICIOS CONTRATADOS E RATEADOS PELA MAJORITARIA'
 'RECEBIMENTO DE DOAÇÃO ESTIMADA DOS SERVICOS CONTABEIS CONTRATADOS E RATEADOS PELA MAJORITARIA']",3333.3333333333335
27165,50001138117,DAVI TOURINHO DE BRITO,DAVI TOURINHO,IRECÊ,PSOL,NÃO ELEITO,Vereador,1,2881.35,TARIFA DOC/TED,3073.64,['#NULO#' 'SANTINHOS 7X10'],2881.35
22389,50001065300,JOÃO DE ARAÚJO,ARAUJO,CAMAÇARI,PATRIOTA,NÃO ELEITO,Vereador,42,119987.85,TARIFA TED,120920.0,['PERFURET' 'SANTINHO'],2856.8535714285717
24728,50001098999,ANE TATIANE PEREIRA SOUZA MONÇÃO,TATY MONÇÃO,SEBASTIÃO LARANJEIRAS,PSB,SUPLENTE,Vereador,1,2825.0,5.000 SANTINHOS ,2825.0,#NULO#,2825.0
14843,50000893761,MARIA CLAUDIA COSTA DE SANTANA,CLAUDINHA,RIBEIRA DO POMBAL,PL,SUPLENTE,Vereador,1,2355.0,"['FILMAGEM PARA MATERIAL PUBLICITARIO ELEITORAL'
 'IMAGENS EDITADAS PARA PROPAGANDA ELEITORAL' 'PRAGUIINHAS 7X7CM'
 'SERVIÇOS CONTABEIS' 'SERVIÇOS DE ADVOCACIA'
 'SERVIÇOS DE CRIAÇAO E FILMAGEM PARA MATERIAL PUBLI']",1000.0,#NULO#,2355.0
17715,50000951025,RITA PAULINA SANTOS DE SOUZA,ÉLITA PAULA,CORRENTINA,PODE,SUPLENTE,Vereador,3,6870.0,SERVIÇOS DE ATIVIDADES RELACIONADAS A ELEIÇÃO 2020,6870.0,#NULO#,2290.0
34848,50001236454,ÁUREA MARIA REIS,LÔRA DA VESPERINA,RIACHO DE SANTANA,PSD,SUPLENTE,Vereador,5,11042.7,"['ADESIVO IMP DIGITAL15X25' 'ADESIVO IMP. DIGITAL CIRCULAR PRAGUINHA 8X8'
 'ADESIVO IMPRESSÃO RECORTE 25CMX25XM'
 'ADESIVO PERFURADO IMP. DIGITAL 0·40X1·00' 'GASOLINA COMUM'
 'LOCAÇÃO DE VÉICULO AUTOMOTOR NO PERIODO A CAMPANHA'
 'MILITANTE DE CAMPANHA ELEITORAL· ELEIÇÕES 2020'
 'MILITANTE NA CAMPANHA ELEITORAL 2020'
 'MOTORISTA NA CAMPANHA ELEITORAL 2020' 'SANTINHO IMP. PAPEL 7X10CM '
 'SERVIÇO DE MILITANTE DE CAMPANHA ELEITORAL 2020' 'TAXA BANCÁRIA '
 'TAXA POR DIVERGÊNCIA DE ASSINATURA']",11642.7,#NULO#,2208.54
6131,50000704737,NIKALICE AZEVEDO DOS SANTOS RIBEIRO,NIKALICE,ILHÉUS,PC do B,SUPLENTE,Vereador,1,2159.9,"['ASSISTENTE DE CAMPANHA' 'SERVIÇO DE ASSISTENTE DE CAMPANHA'
 'TARIFA DOC/TED']",3019.18,#NULO#,2159.9
30906,50001198661,FERNANDA LUCIA PEREIRA,FERNANDA LUCIA,ITANHÉM,PT,NÃO ELEITO,Vereador,2,4174.999999999999,TARIFA DOC TED ELETRONICO,4720.0,#NULO#,2087.4999999999995
14058,50000864772,ROSANGELA MUNIZ DOS SANTOS,RÓ,ILHÉUS,PP,SUPLENTE,Vereador,1,2000.0,TARIFA TED VIA INTERNET,2000.0,#NULO#,2000.0
10693,50000786166,CLAUDIA JAMILLE PROENCIA AKKARI,JAMILLE CORRETORA,LAURO DE FREITAS,PATRIOTA,SUPLENTE,Vereador,34,61799.070000000036,TARIFA,61800.0,#NULO#,1817.619705882354
5990,50000703150,MARCIA XAVIER DE OLIVEIRA,MARCIA DE SINHÕ,IBIPITANGA,PSD,SUPLENTE,Vereador,3,5040.0,"['ADESIVO PERFURADO 1·27X50 CM' 'ADESIVO REATNGULAR 10X30 CM'
 'ADESIVO REDONDO 10X10 CM' 'ADESVO RETANGULAR 12X6 CM'
 'PRAGUINHA REDONDA 7X7' 'SANTINHO POLITICO 10X7 CM'
 'SANTINHO POLITICO 10X7 CM 4X2 CORES.'
 'SERVIÇOS DE ASSESSORAMENTO JURÍDICO '
 'SERVIÇOS DE ASSESSORIA E CONSULTORIA CONTÁBIL']",5040.0,#NULO#,1680.0
13001,50000839161,TAILANA PINHEIRO FERREIRA,TAILANA,CANDEIAS,AVANTE,SUPLENTE,Vereador,3,5000.0,"['DEVER RETIFICADORA' 'PAGAMENTO SERVIÇOS DE PRESTAÇÃO DE CONTAS'
 'TARIFA TED INTERNET']",5000.0,#NULO#,1666.6666666666667
2475,50000667483,GILDETE JESUS DE SANTANA,DETE,ARACI,PDT,SUPLENTE,Vereador,1,1650.0,"['PRESTACAO DE SERVICOS CONTABEIS ' 'PRESTAÇÃO DE SERVIÇOS ADVOCATICIOS'
 'SANTINHOS C CANDIDATA A PREFEITA TAM.6·4X9·3CM']",1650.0,#NULO#,1650.0
5746,50000701818,MÔNICA ALMEIDA COSTA SILVA,MÔNICA,VITÓRIA DA CONQUISTA,PSC,SUPLENTE,Vereador,1,1500.0,['PANFLEETAGEM' 'PANFLETAGEM'],1500.0,#NULO#,1500.0
29287,50001174047,FABIANA SANTOS CONCEICAO,FABIANA SANCON,PORTO SEGURO,PROS,SUPLENTE,Vereador,17,24577.9,SERVIÇOS DE DIVULGADOR,51628.0,"['#NULO#' 'ADESIVOS' 'ADV' 'ALUGUEL DE CARRO' 'CONTADOR'
 'MILEIROS SANTINHOS' 'PERFURADO' 'SANTINHOS']",1445.7588235294118
34982,50001238226,GISELIO BRITO DE LIMA,GISELIO DE DJALMA,ESPLANADA,MDB,SUPLENTE,Vereador,1,1401.3,"['ADESIVOS 30X10 CM' 'ADESIVOS PERFURADOS 1·20 M X 0·42 M'
 'ADESIVOS PERFURADOS 1·35 M X 0·60 M' 'PARES DE ADESIVO 50X50 CM'
 'PRAGUINHAS 7X7 CM' 'SANTINHOS 10X7 CM']",1401.3,#NULO#,1401.3
36935,50001265895,CARLA FRANCIELLY ANDRADE SILVA,CARLA,PARAMIRIM,PSD,SUPLENTE,Vereador,1,1400.0,"['PRESTAÇÃO DE SERVIÇO DE ASSESSORAMENTO JURÍDICO'
 'SERVIÇOS DE ASSESSORIA E CONSULTORIA CONTÁBIL']",1400.0,#NULO#,1400.0
34401,50001231734,JOSE RAIMUNDO MOREIRA DUARTE,RAIMUNDINHO DOS BORGES,AMÉRICA DOURADA,PC do B,SUPLENTE,Vereador,1,1320.0,"['IMPRESSÃ EM ADESIVO LEITOSO 30X10CM'
 'IMPRESSÃO DE PRAGUINHAS 9X4CM EM ADESIVO'
 'IMPRESSÃO DE SANTINHOS 10X7CM 4X1 COR'
 'IMPRESSÃO EM ADESIVO PERFURADO 1·25X0·45MT']",1520.0,['#NULO#' 'NF160B SANTINHO T 10X7 COR 4X1'],1320.0
8511,50000760146,MARLI BRITO RIBEIRO,MARLI RIBEIRO,LICÍNIO DE ALMEIDA,DEM,NÃO ELEITO,Vereador,1,1250.0,"['SANTINHOS POLITICOS 10 X 7 IMPRESSÃO 4 CORES'
 'SERVIÇOS DE ADVOCACIA ASSESSORIA JURIDICA CANDIDAT'
 'SERVIÇOS DE CONTABILIDADE PARA A CAMPANHA']",1250.0,#NULO#,1250.0
37006,50001267228,JUCILEIDE DA SILVA SOUZA,LÊDA DA FARMÁCIA,CAMAÇARI,PSB,SUPLENTE,Vereador,2,2414.0,T D DIN AG,2414.11,#NULO#,1207.0
30001,50001186065,JOSE CARLOS SOUZA DE MATOS,JOSE CARLOS SOUSA DE MATOS,CAPIM GROSSO,DEM,SUPLENTE,Vereador,1,1197.35,['ADESIVOS ' 'KIT POLITICO' 'PERFURADO' 'PRAGUINHA ' 'SANTINHOS ' 'TAXA'],1597.35,#NULO#,1197.35
17711,50000951021,SUELI MONTALVÃO DA SILVA,SUELI MONTALVÃO,CORRENTINA,PODE,SUPLENTE,Vereador,4,4780.0,SERVIÇOS DE ATIVIDADES RELACIONADAS A ELEIÇÃO 2020,4780.0,#NULO#,1195.0
14905,50000897992,SILVIA HELENA BRITO TORRES SILVA,SILVIA DO PASTOR JOÃO,ITAGIBÁ,PDT,NÃO ELEITO,Vereador,3,3500.0,"['ARTE PARA ADESIVO' 'ARTE PARA PLAQUINHA' 'ARTES PARA SANTINHO'
 'CARDE PARA REDE SOCIAIS' 'GRU' 'PRAGUINHA 7X7 4X2 CORES'
 'PRAGUINHA 7X7 CIRCULAR' 'SANTINHO 10X7 4X2 CORES'
 'SANTINHO 10X7 4X2 CORES CASADINHA ' 'TARIFA BANCARIA' 'VIDEO ANIMADO']",3500.0,#NULO#,1166.6666666666667
30276,50001189921,KAROLAINE SILVA FREITAS,KAROLAINE FREITAS,JEQUIÉ,PSB,SUPLENTE,Vereador,1,1100.0,"['ADESIVO CARRO 50X40' 'PRAGUINHAS' 'PRESTAÇÃO DE CONTAS DA ELIÇÃO 2020'
 'PRESTAÇÃO DE SERVIÇOS DE ADVOCACIA NA ELEIÇÃO 2020' 'SANTINHOS']",1100.0,#NULO#,1100.0
27052,50001135872,DUCICLÉIA MACHADO ROCHA,KEU,SÃO GABRIEL,PSD,SUPLENTE,Vereador,1,1100.0,SERVIÇOS CONTABEIS ELEIÇÕES 2020,100.0,ASSESSORIA E CONSULTORIA JURIDICA ELEITORAL ,1100.0
33949,50001226686,KELLY GABRIELLE FERREIRA DA SILVA,KELLY DO LAVADOR,NOVA VIÇOSA,CIDADANIA,SUPLENTE,Vereador,1,1063.77,"['10 MIL SANTINHO' 'ADESIVO 30 X 10' 'ADESIVO 50 X 50' 'ADESIVO PERFURADO'
 'GASOLINA C ADITIVADA' 'GASOLINA COMUM' 'TAR DI AUTOAT']",4062.79,"['#NULO#' 'ASSESSORIA ADVOCATÍCIA EM CAMPANHA'
 'ASSESSORIA CONTÁBIL EM PRESTAÇÃO DE CONTAS' 'GM/CADETE 1993/1994']",1063.77
19011,50000972231,SHEYLA SOUVERAIN SANTOS RIOS,SHEYLA RIOS,SENHOR DO BONFIM,DEM,SUPLENTE,Vereador,19,20000.0,"['CONFECCAO DE BANDEIRA 90X60 COM NÚMERO' 'CONFECÇAO DE BANDEIRA 90X60'
 'IMPRESSAO DE 150.000 SANTINHOS' 'IMPRESSÃO DE ADESIVO 30X10'
 'IMPRESSÃO DE ADESIVO 30X30' 'IMPRESSÃO PERFURADO'
 'SERVIÇO DE PUBLICIDADE EM GERAL· PRODUÇAO E DIVULG']",20000.0,#NULO#,1052.6315789473683
30269,50001189913,CLAYDISNEIA DANTAS DA SILVA,NEIA DANTAS,JEQUIÉ,PSB,SUPLENTE,Vereador,1,1050.0,"['ADESIVO CARRO 50X40' 'PRAGUINHAS' 'PRESTAÇÃO DE CONTAS DA ELIÇÃO 2020'
 'PRESTAÇÃO DE SERVIÇOS DE ADVOCACIA NA ELEIÇÃO 2020' 'SANTINHOS']",1050.0,#NULO#,1050.0
26155,50001120522,RICARDO DE JESUS SOUZA,RICARDO SOUZA,SÃO MIGUEL DAS MATAS,PDT,SUPLENTE,Vereador,2,2059.7,"['ADESIVO 0·41MT X0·14MT' 'ADESIVO PERFURADO 1·28MT X 0·49'
 'ADESIVOS 0·09MT X 0·09MT' 'ADESIVOS 0·15MT X 0·10MT'
 'BANDEIRA SUBLIMADA 0·90MT X 0·60 MT'
 'PRODUÇÃO MUSICAL· CRIAÇÃO E GRAVAÇÃO DE JINGLE' 'SANTINHOS'
 'SANTINHOS 0·10MT X 0·07MT' 'TARIFA DE TRANSFERENCIA']",2000.0,#NULO#,1029.85
22401,50001065313,MARCOS VALNILSON CONCEIÇÃO DA SILVA,MARCOS ÍNDIO,CAMAÇARI,PATRIOTA,NÃO ELEITO,Vereador,3,3076.0,['SERVIÇO DE APOIO A CAMPANHA' 'SERVIÇO DE MOBILIZACAO DE RUA'],2900.0,#NULO#,1025.3333333333333
35633,50001245486,GRAZIELE TEIXEIRA DA LUZ,IRMÃ GRAZI,ITACARÉ,PSC,NÃO ELEITO,Vereador,1,1000.04,GASOLINA COMUM,1000.0,#NULO#,1000.04
34512,50001232889,JOSE IRANILDO LEITE,IRANILDO CABELO,SERRA DO RAMALHO,PL,SUPLENTE,Vereador,4,4000.0,SERVIÇO DE DIVULGAÇAO ELEITORAL PANFLETAGEM,500.0,PRESTAÇOES DE CONTAS ELEITORAIS,1000.0
15295,50000913905,ELISIO DUYPRATH DE ANDRADE FILHO,ELISIO ANDRADE,SALVADOR,REDE,NÃO ELEITO,Vereador,4,3900.0,TARIFA DOC/TED,5197.0,#NULO#,975.0
13676,50000856526,CLÁUDIA CINTRA MORAIS,CLÁUDIA CINTRA,SALVADOR,PTC,NÃO ELEITO,Vereador,4,3830.0,"['PERFURETE 130X45· PRAGUINHAS 9X9' 'SANTINHOS 10X07· ADESIBOS 30X10'
 'TED PAARTIDO TRABALHISTA CRISTAO'
 'TED PARA O PARTIDO TRABALHISTA CRISTÃO']",3913.0,#NULO#,957.5
29950,50001184647,DANIELE AZEVEDO DE OLIVEIRA,DANI AZEVEDO,MAIRI,PC do B,SUPLENTE,Vereador,2,1902.15,TAR DOC/TED ELETRONICO ,2190.48,#NULO#,951.075
19660,50000980473,HILDA DA SILVA CERQUEIRA RODRIGUES MARQUES,HILDA CERQUEIRA,CAETITÉ,PSD,SUPLENTE,Vereador,18,16457.5,DISTR MATERIAL PUBLIC EM CAMP ELEIT E APOIO A CAMP,19325.0,"['#NULO#' 'CESSÃO DE VEICULO FIAT PALIO ED· ANO/MOD: 1996'
 'DOAÇÃO DE ADESIVO IMPRESSO 1ª TIRAGEM']",914.3055555555555
3460,50000675612,MARIA DE LOURDES LIMA SANTOS TEIXEIRA,DONA LOURDES,CAETANOS,PC do B,SUPLENTE,Vereador,1,859.0300000000001,"['PRAGUINHAS CIRCULAR 7X7' 'SANTINHOS 7X10' 'SERVIÇOS ADVOCATÍCIOS'
 'SERVIÇOS CONTÁBEIS']",859.03,#NULO#,859.0300000000001
19679,50000980494,DAIANNE DE MIRANDA MORAES,DAIANNE DE DEI DE JUVENAL,CANÁPOLIS,PSD,NÃO ELEITO,Vereador,6,5140.0,PRODUÇÃO DE UM VIDEO DE 60S PARA CAMPANHA DE 2020,5140.0,#NULO#,856.6666666666666
1489,50000652314,MARIA NILZA COELHO PRATES,MARIA NILZA,IBIRAPUÃ,PP,SUPLENTE,Vereador,9,7665.45,ATIVIDADE DE MILITANCIA DE RUA,8328.49,#NULO#,851.7166666666667
33377,50001220900,GILMAIANE PORTO SILVA,GILMAIANE PORTO,ITIÚBA,PSD,SUPLENTE,Vereador,1,850.0,"['CRIAÇÃO E GRAVAÇÃO DE MATERIAL DE CAMPANHA' 'JINGLE'
 'PRESTAÇÃO DE SERVIÇOS CONTÁBEIS' 'SANTINHOS COLORIDOS']",850.0,#NULO#,850.0
9223,50000767295,MÁRCIA MOEMA DOS SANTOS PEREIRA,MÁRCIA,RIO DE CONTAS,PSD,SUPLENTE,Vereador,13,11037.5,SERVIÇO DE ASSISTENTE,13305.0,"['#NULO#' 'PETICIONAMENTO DA PRESTAÇÃO DE CONTAS (PJE)'
 'PRESTAÇÃO DE CONTAS ELEITORAIS']",849.0384615384615
10850,50000787662,VALDINEI DOS SANTOS NASCIMENTO,NEINHA DA TOMÉ DE SOUZA,SÃO DOMINGOS,SOLIDARIEDADE,SUPLENTE,Vereador,6,5000.0,SERVIÇOS DE APOIO AO CANDIDATO EM EVENTOS OFICIAIS,5750.6,['#NULO#' 'PRAGUINHA POLITICA QUADRADA 7 X 7 '],833.3333333333334
15164,50000913052,AROLDO MISQUITA CLARINDO,AROLDO,MUCURI,PL,NÃO ELEITO,Vereador,3,2480.0,GASOLINA COMUM,2495.0,#NULO#,826.6666666666666
254,50000635080,JACIARA DA SILVA NOVAIS,JACY NOVAIS,ITUAÇU,PSL,NÃO ELEITO,Vereador,1,823.9000000000001,TAR DI AUTOAT,1448.9,#NULO#,823.9000000000001
5652,50000701279,ZÉLIA NOGUEIRA LIMA,ZÉLIA LIMA,VITÓRIA DA CONQUISTA,MDB,SUPLENTE,Vereador,20,16003.6,CABO ELEITORAL,17160.0,#NULO#,800.1800000000001
27153,50001138035,FLAVIANE QUEIROZ SANTOS,FLAVIA QUEIROZ,PRESIDENTE DUTRA,PSB,SUPLENTE,Vereador,1,800.0,"['SERVIÇOS ADVOCATICIOS PARA CAMPANHA ELEITORAL'
 'SERVIÇOS CONTABEIS PARA CAMPANHA ELEITORAL']",800.0,#NULO#,800.0
252,50000635078,BRENA FREIRE SILVA TEIXEIRA,BRENA FREIRE,ITUAÇU,PSL,NÃO ELEITO,Vereador,1,800.0,['CONFECÇÃO DE 1000 SANTINHOS POLITICOS' 'SERVIÇOS CONTABEIS'],1425.0,#NULO#,800.0
24033,50001085298,MARIA DA GLORIA GOMES DA SILVA,GLORINHA DO SÍTIO,SANTO ESTEVÃO,PSD,SUPLENTE,Vereador,4,3174.9999999999995,TAR BANC,3175.0,#NULO#,793.7499999999999
12966,50000839055,SIMONE CELESTINO DE JESUS,CAMARADA SIMONE,CANDEIAS,PC do B,NÃO ELEITO,Vereador,14,11000.0,DISTRIBUICAO DE MAT. IMPRESSOS PER. 05/11 Á 09/11,11849.83,SANTINHOS ,785.7142857142857
17570,50000948153,MARIA IÊDA VIEIRA DA SILVA,IÊDA,SERRINHA,PSC,NÃO ELEITO,Vereador,1,780.0,['IMPRESSÃO SANTINHO' 'PRESTAÇÃO' 'PRESTAÇÃO DE CONTAS'],780.0,#NULO#,780.0
17565,50000948147,DULCINARA OLIVEIRA MOTA,DUCY DE NININHO DO FUMO,SERRINHA,PSC,NÃO ELEITO,Vereador,1,780.0,['IMPRESSÃO SANTINHO' 'PRESTAÇÃO' 'PRESTAÇÃO DE CONTAS'],780.0,#NULO#,780.0
28672,50001161796,JOSÉ MARIA NEVES PEREIRA,DEDEZINHO,BRUMADO,PT,SUPLENTE,Vereador,1,771.0,['ADESIVOS PRAGUINHA7X7 CM' 'SANTINHOS 7X10 CM COUCHÊ 90GR' 'TARIFA TED'],771.0,#NULO#,771.0
33119,50001217288,ANGELICA SANTOS VIANA,ANGELICA VIANA,CARDEAL DA SILVA,PSOL,NÃO ELEITO,Vereador,1,762.15,SERVIÇOS DE TRANSPORTE ,762.15,#NULO#,762.15
5205,50000699990,MARILENE BATISTA DA SILVA,MARILENE BATISTA,PAULO AFONSO,PT,NÃO ELEITO,Vereador,1,760.0,ASSISTENTE PARA CAMPANHA ELEITORAL,2120.0,"[' SERVIÇOS ADIVOCATICIOS' '#NULO#' 'ADESIVO 40X13 CM'
 'ADESIVO BOLA 50X50 CM' 'ADESIVO PERFURADO' 'SANTINHOS'
 'SERVIÇOS CONTÁBEIS']",760.0
4684,50000698292,ROSANA SANTOS LIMA,ROSE,ALAGOINHAS,PSOL,NÃO ELEITO,Vereador,6,4552.85,TARIFA BANCÁRIA,9989.0,#NULO#,758.8083333333334
30783,50001196708,RAFAELA MAGNAVITA FERRAZ,RAFAELA,BELO CAMPO,PL,SUPLENTE,Vereador,10,7500.0,"['ADESIVO 15X15' 'ADESIVO 30X10' 'DOAÇÃO DE COMBUSTÍVEL PARA CARREATA'
 'PRAGÃO' 'SANTINHOS']",7500.0,#NULO#,750.0
21841,50001057094,IVANI DOS SANTOS ARAGÃO,IVANI DE NOVA BRASÍLIA,MUCURI,PSC,SUPLENTE,Vereador,2,1500.0,LOCAÇÃO DE VEICULO VW GOL 1.0 GIV 2011/2012,2400.0,['#NULO#' 'SERVIÇOS ADVOCATÍCIOS' 'SERVIÇOS DE CONTABILIDADE'],750.0
10713,50000786186,VERÔNICA SANTANA BATISTA,VERONICA BATISTA,LAURO DE FREITAS,PATRIOTA,SUPLENTE,Vereador,8,6000.0,SERVIÇO DE PLANEJAMENTO DE PUBLICIDADE,6000.0,#NULO#,750.0
33349,50001220265,DORACI DA SILVA PIRES,DORA,SEABRA,PDT,NÃO ELEITO,Vereador,2,1490.0,['SANTINHOS' 'SERVIÇOS CONTABEIS'],1203.0,#NULO#,745.0
9069,50000765416,GILDETE BOMFIM DE SANTANA,GILDETE DETE,SÃO FRANCISCO DO CONDE,PT,SUPLENTE,Vereador,4,2951.75,PRESTAÇÃO DE SERVIÇO,3392.0,#NULO#,737.9375
34924,50001237048,DENILSA NUNES MODESTO ALMEIDA,DENISE MODESTO,CONDE,MDB,SUPLENTE,Vereador,7,5031.389999999999,TAR DOC/TED ELETRONICO,6035.39,#NULO#,718.7699999999999
26002,50001117050,BETIO EVARISTO CONCEIÇAO CRUZ,BETIO EVARISTO,PARAMIRIM,PL,SUPLENTE,Vereador,2,1400.0,"['PRESTAÇÃO DE SERVIÇO DE ASSESSORAMENTO JURÍDICO'
 'SERVIÇOS DE ASSESSORIA E CONSULTORIA CONTÁBIL']",2570.0,#NULO#,700.0
30905,50001198660,RODRIGO RICARDO SILVA FERREIRA,RODRIGO CANELA,ITANHÉM,PT,NÃO ELEITO,Vereador,7,4874.999999999999,"['ALUGUEL DE CHEV ONIX BRANCO RENAVAN 1208078752'
 'CAIXA AMPLIFICADA AMVOX ACA 400 STRONDO399'
 'CONTRATO DE PRESTAÇÃO DE ASSISTENTE DE CAMPANHA EL'
 'CONTRATO DE PRESTAÇÃO DE SERVIÇO DE ASSISTENTE DE '
 'CONTRATO DE PRESTAÇÃO DE SERVIÇOS ADVOCATÍCIOS'
 'CONTRATO DE PRESTAÇÃO DE SERVIÇOS DE ASSISTENTE DE'
 'CONTRATO DE PRESTAÇÃO DE SERVIÇOS DE DESIGNER PARA' 'MALA DIRETA POSTAL'
 'PRESTAÇÃO DE SERVIÇOS DE DESIGNER PARA CAMPANHA'
 'TARIFA DE DOC TED ELETRONICO' 'TARIFA DOC TED ELETRONICO'
 'TARIFA DOCTED ELETRONICO' 'TARIFA DOCTEDELETRONICO'
 'TARIFA SERVIÇOS DE ARRECADAÇÃO CONTRATADO 25/08/20']",5620.0,#NULO#,696.4285714285713
21154,50001038473,AGENORA DOS SANTOS ROCHA,LORINHA SANTOS,CACULÉ,DEM,SUPLENTE,Vereador,2,1365.0,"['ADESIVO LEITOSO 11X07 CM' 'ADESIVOS LEITOSO 30X10 CM'
 'SANTINHOS POLITICOS 10X07 4X0 CORES'
 'SANTINHOS POLITICOS 10X07 4X1 CORES']",3046.0,#NULO#,682.5
31570,50001205905,CRISPINA ANDREA PINTO CARQUEIJA,PINA,ITAPARICA,DEM,NÃO ELEITO,Vereador,3,2032.0,"['ADESIVOS 0.30X0.10' 'BANDEIRAS' 'PRAGUINHAS' 'SANTINHOS ELEIÇÃO 2020'
 'SANTINHOS PINA 68X95 MM PERSONALIZADO'
 'TARIFA DE TRANSFERÊNCIA ELETRÔNICA']",2032.0,#NULO#,677.3333333333334
12633,50000833163,EVANILDO FRANCISCO DE OLIVEIRA,DEGUINHA DE FULOR,IBIPITANGA,PT,NÃO ELEITO,Vereador,2,1350.0,"['ADESIVO RETANGULAR 10X30 '
 'PRESTACAO DE S DE ASSOSSORIA E CONSULTORIA CONTAB '
 'PRESTACAO DE S DE ASSOSSORIA E CONSULTORIA JURIDIC'
 'SERVICOS DE PRE-IMPRESSAO']",1350.0,#NULO#,675.0
14057,50000864771,PAULO ROBERTO ANDRADE DOS SANTOS JUNIOR,PAULO,ILHÉUS,PP,SUPLENTE,Vereador,3,2000.0,"['ASSESSORIA E CONSULTORIA JURIDICA'
 'PRESTACAO DE SERVICO DE CONTABILIDADE']",2000.0,#NULO#,666.6666666666666
10345,50000781235,MARIA LUIZA ALMEIDA SOUZA,MARIA LUIZA,ARAÇÁS,PT,SUPLENTE,Vereador,3,1999.0,TARIFA TED,1999.0,#NULO#,666.3333333333334
34009,50001228209,ROSIANE DOS SANTOS SILVA,ROSIANE DOS SANTOS SILVA,VÁRZEA DA ROÇA,PSB,NÃO ELEITO,Vereador,24,15947.999999999998,PESSOAL DE APOIO NA CAMPANHA,16020.0,#NULO#,664.4999999999999
643,50000639220,DELVANDA PEREIRA DOS SANTOS,VANDINHA DE PEREIRA,MALHADA DE PEDRAS,PSD,SUPLENTE,Vereador,11,7303.66,"['ADESIVO (20CM X 10CM)' 'ADESIVO 10 CM' 'ADESIVO 100 CM' 'ADESIVO 20CM'
 'ADESIVO 25 CM' 'ADESIVO 30CM' 'ADESIVO 7 CM' 'ADESIVO PERFURADO'
 'ADESIVO(10CM X 5CM)' 'ASSESSORIA JURÍDICA' 'GASOLINA COMUM'
 'GASOLINA COMUM ' 'PAPEL COUCHÊ(SANTINHO 7CM X 10CM)' 'SANTINHOS'
 'SERVIÇOS CONTÁBEIS']",11000.0,#NULO#,663.9690909090909
5774,50000701914,JISELE DE SOUZA SANTOS SILVA,JISELE SILVA,MACAÚBAS,PSD,SUPLENTE,Vereador,6,3966.03,"['HONARARIOS ADV. PRESTAÇÃO DE CONTAS ELEIÇÃO 2020'
 'HONORARIOS CONTABEIS PRESTAÇÃO CONTAS ELEIÇÃO 2020'
 'LOCAÇÃO DE VEÍCULO RENAULT CLIO GPE8A04'
 'PRESTAÇÃO DE SERV. ADM. FINANCEIRO ELEIÇÃO 2020'
 'PRESTAÇÃO DE SERVIÇO DE MOTORISTA']",3966.67,#NULO#,661.005
22446,50001065504,MERILIN PEREIRA BARBOSA,CHEIRINHO DE BANDEIRA,UTINGA,PT,SUPLENTE,Vereador,1,660.0,SANTINHOS 7X10,920.0,['#NULO#' 'PRODUÇÃO E GRAVAÇÃO DE INSERÇÕES' 'VIDEO ANIMAÇÃO'],660.0
15502,50000917241,MARIA OFELIA NOVAES,OFELIA,UTINGA,PSDB,SUPLENTE,Vereador,1,660.0,SANTINHOS 7X10,920.0,['#NULO#' 'ANIMAÇAO VIDEO' 'PRODUÇÃO E GRAVAÇÃO DE INSERÇÕES'],660.0
31792,50001207877,ANA CRISTINA SANCHO ALVES,ANA SANSHO,CACHOEIRA,PP,SUPLENTE,Vereador,3,1980.0,"['ASSESSORIA CONTABIL' 'ASSESSORIA JURIDICA'
 'SERVIÇOS DE DESLOCAMENTOS EM VEICULO AUTOMOTOR ']",1980.0,#NULO#,660.0
33086,50001216930,JOÃO PEREIRA FRAGA,JOÃO DE FRAGUINHA,MURITIBA,PSL,NÃO ELEITO,Vereador,15,9760.0,ATIVIDADES DE MILITÂNCIA E MOBILIZAÇÃO,10000.0,#NULO#,650.6666666666666
18225,50000960681,LUZINETE SANTOS DE JESUS,LUZINETE,JEQUIÉ,PSOL,NÃO ELEITO,Vereador,1,642.74,SERVIÇOS DE ACESSORIA,742.74,['#NULO#' 'SANTINHOS'],642.74
27654,50001147416,DAMARES LIMA DA CRUZ SANTOS,DANDA FLOR DE LIS,CATU,PP,NÃO ELEITO,Vereador,4,2548.0,"['DESFRALDAMENTO DE BANDERAS' 'SANTINOS 4X4 CORES'
 'SERV DE CCABO ELEITORAL · BANDEIRAÇO · PABFLETAGEM']",2721.8199999999997,#NULO#,637.0
14467,50000876008,ANTONIO COSME DE OLIVEIRA SOUZA,IRMÃO ANTONIO ,FEIRA DE SANTANA,PSL,NÃO ELEITO,Vereador,16,10000.0,"['20.000 ADESIVOS 12X 25 CM R$ 0·25 UNITÁRIO'
 'LOCAÇAO CARRO DE SOM P CARREATA DIA 28/10/2020'
 'LOCAÇAO DE CARRO DE SOM P CARREATA DIA 24 10 2020'
 'NOTA REF PREST DE SERV ADVOCATICIO CONF CONTRATO'
 'NOTA REF PREST DE SERV CONTABIL CONF CONTRATO']",10000.0,#NULO#,625.0
15109,50000912752,ZILAMAR PIOL,ZILAMAR PIOL,NOVA VIÇOSA,PSL,NÃO ELEITO,Vereador,24,14999.999999999998,TARIFA BANCARIA,15000.0,#NULO#,624.9999999999999
27070,50001136392,AUDINEIA GONÇALVES DA SILVA,NÉIA DA ESPLANADA,SÃO GABRIEL,PT,SUPLENTE,Vereador,2,1246.5,"['SERVIÇOS CONTABEIS ELEIÇÕES 2020'
 'SERVIÇOS DE IMPRESSÃO EM ADESIVOS 30X10'
 'SERVIÇOS DE IMPRESSÃO EM ADESIVOS REDONDOS 7X7'
 'SERVIÇOS DE IMPRESSÃO EM ADESIVOS REDONDOS 8X8'
 'TARIFA DE DEPOSITO IDENTIFICADO' 'TAXA BACEN']",1346.5,#NULO#,623.25
9054,50000765401,ANA LUCIA DE JESUS BISPO,ANA BISPO,SÃO FRANCISCO DO CONDE,PT,SUPLENTE,Vereador,8,4961.9,PRESTAÇÃO DE SERVIÇO,5400.0,#NULO#,620.2375
895,50000642744,ANA LUCIA CERQUEIRA SERAPIÃO,ANA SERAPIÃO,SALVADOR,AVANTE,SUPLENTE,Vereador,36,22140.949999999997,['SERV PANFLETAGEM' 'TAR DOC/TED' 'TARIFA DOC/TED'],22500.0,#NULO#,615.0263888888888
9975,50000776819,THIAGO DOS SANTOS CRUZ,THIAGO CRUZ,SÁTIRO DIAS,PT,NÃO ELEITO,Vereador,1,610.0,"['ARTE FINAL' 'SANTINHO' 'SERVIÇO CONTABEIS PRESTAÇÃO DE CONTAS'
 'SERVIÇO JURIDICO ENTREGA PRESTAÇÃO DE CONTAS']",610.0,#NULO#,610.0
36864,50001264433,AMANDA DOS  SANTOS DIAS,AMANDA DIAS,ENTRE RIOS,REDE,NÃO ELEITO,Vereador,3,1827.65,"['GRAVÇÃO DE JINGLES POLITICO' 'LOCAÇÃO DE VEICULO'
 'PRESTAÇAÕ DE SERVIÇOS CONTABIL PRESTAÇAO DE CONTAS'
 'PRODUÇÃO DE SANTINHOS' 'PUBLICIDADE DE CARRO DE SOM ELEIÇOES 2020']",1827.65,#NULO#,609.2166666666667
12083,50000822481,MARIA NETA GONÇALVES DE JESUS,MARIA NETA,LENÇÓIS,PSB,SUPLENTE,Vereador,2,1210.0,['ADESIVOS' 'SANTINHOS' 'SERVIÇOS CONTABEIS'],1210.0,#NULO#,605.0
14550,50000876581,MARIA RAIMUNDA SANTOS DE QUEIROZ,MARIA RAIMUNDA,BUERAREMA,PSDB,SUPLENTE,Vereador,1,600.0,"['CONSULTORIA E ASSESSORIA JURÍDICAS NA CAMPANHA'
 'PRESTAÇÃO DE SERVIÇOS DE CONTABILIDADE NA CAMPANHA']",600.0,#NULO#,600.0
9263,50000767464,LEILIANE CARLA ALVES DE BRITO,LEILA CARLA,CANDIBA,REPUBLICANOS,SUPLENTE,Vereador,1,600.0,['10.000 SANTINHOS' 'SERVIÇOS ADVOCATÍCIOS'],600.0,#NULO#,600.0
14284,50000873598,MARIA MARTA CHAVES SANTOS SANTANA,PROFESSORA MARTA,NOVA REDENÇÃO,REDE,NÃO ELEITO,Vereador,7,4200.0,"['ADITIVO DE CONTRATO HONIRARIOS TECNICOS CONTABEIS'
 'ASSESSORIA DE COMUNICAÇÃO '
 'CONTRATO DE PRESTAÇÃO DE SERVIÇOS TÉCNICOS CONTABE'
 'PROJETOS DE GOVERNO' 'SANTINHOS' 'TARIFA BANCARIA 1232412'
 'TARIFA BANCARIA 2356146' 'TARIFAS BANCARIAS 3300338' 'TAXA BANCARIA']",4200.0,#NULO#,600.0
10367,50000782108,CARLA RAMOS SILVA,CARLA RAMOS,BOTUPORÃ,PP,SUPLENTE,Vereador,5,2967.199999999999,"['PUBLICIDADE ATRAVES DE ENTREGA DE MATERIAL IMPRESS'
 'TARIFA TRANSF Nº 833251300111335']",3767.2,#NULO#,593.4399999999998
9016,50000765146,MARIA DA LUZ LIMA NUNES,DA LUZ,SÃO FRANCISCO DO CONDE,PSB,SUPLENTE,Vereador,6,3554.9,"['ADESIVOS DE CARRO 30CM ' 'ADESIVOS DE CASA 60X40' 'PRAGUINHAS'
 'SANTINHOS 7X10' 'SERVIÇOS PRETADOS DE COORDENAÇÃO DE CAMPANHA 2020'
 'TARIFA' 'TARIFA BANCARIA']",6385.299999999999,#NULO#,592.4833333333333
24370,50001089682,MARIA EDINOLIA DA SILVA ARAUJO,NOLIA SILVA,VALENTE,SOLIDARIEDADE,NÃO ELEITO,Vereador,17,10000.0,GASOLINA COMUM,10000.0,#NULO#,588.2352941176471
14906,50000897993,CRISTIANE LINO DOS SANTOS,CRISTIANE DE BOGUÉ,ITAGIBÁ,PDT,NÃO ELEITO,Vereador,6,3500.0,PRAGUINHA 7X7 CIRCULAR,3500.0,#NULO#,583.3333333333334
838,50000642686,IÊDA MAIA DE ALMEIDA,IÊDA ALMEIDA,SALVADOR,AVANTE,SUPLENTE,Vereador,39,22458.300000000003,ASSISTENTE,22500.0,#NULO#,575.8538461538462
26091,50001119538,APARECIDO DOS SANTOS,CIDO DA RECICLAGEM,URANDI,PT,NÃO ELEITO,Vereador,1,568.32,"['ADESIVO IMPRESSO 0·10X0·10' 'ADESIVO IMPRESSO 0·7X0·7'
 'SANTINHOS COLORIDOS 10 X 7' 'SANTINHOS COLORIDOS 10 X7']",1068.32,#NULO#,568.32
22392,50001065304,ALIONAI BATISTA DE SOUZA,PATETA DO POVO,CAMAÇARI,PATRIOTA,NÃO ELEITO,Vereador,88,49973.149999999994,TARIFA TED,50470.0,SANTINHO,567.8767045454545
834,50000642682,ISABEL CRISTINA COUTINHO DO ESPIRITO SANTO,ISABEL CRISTINA,SALVADOR,AVANTE,SUPLENTE,Vereador,40,22499.65,ASSISTENTE DE CAMPANHA,22500.0,#NULO#,562.49125
15621,50000918474,ADEMÁRIO ANDRADE DE OLIVEIRA,ADEMARIO DA AMBULÂNCIA,BOM JESUS DA SERRA,PP,SUPLENTE,Vereador,1,560.35,TARIFA BANCARIA,2790.35,#NULO#,560.35
8842,50000763239,JACIRA PEREIRA DE OLIVEIRA,JACIRA DE GUIO,ITAPEBI,PODE,SUPLENTE,Vereador,9,5000.0,"['ADESIVOS 10X30' 'ADESIVOS 32X32' 'ADESIVOS 8X20' 'BANDEIRAS'
 'PERFURADOS' 'PRAGUINHAS' 'SANTINHOS']",5000.0,#NULO#,555.5555555555555
6950,50000721029,INÊS CARDOSO CARVALHAL SANTOS,BINHA,SALVADOR,MDB,SUPLENTE,Vereador,9,5000.0,SERVIÇOS PRESTADOS DE APOIO NA CAMPANHA ELEITORAL ,10769.23,RADIO VIDEO E TELEVISAO,555.5555555555555
9224,50000767296,ZULEIDE MINEIRO DOS SANTOS,DUDU,RIO DE CONTAS,PSD,SUPLENTE,Vereador,22,12133.0,['ADESIVOS 30X10' 'SERVIÇO DE ASSISTENTE'],14305.0,"['#NULO#' 'PETICIONAMENTO DA PRESTAÇÃO DE CONTAS (PJE)'
 'PRESTAÇÃO DE CONTAS ELEITORAIS']",551.5
16439,50000927088,LUCIDALVA MARIA RIBEIRO,LÚ RIBEIRO,GUANAMBI,PSD,SUPLENTE,Vereador,66,36392.43000000001,TAXA DEVOLUÇÃO CHEQUE,37658.0,#NULO#,551.4004545454546
2474,50000667482,LUCILENE BISPO OLIVEIRA,CILENE DE BATOQUE,ARACI,PDT,SUPLENTE,Vereador,3,1650.0,"['PRESTACAO DE SERVICOS CONTABEIS ELEICAO'
 'PRESTAÇÃO DE SERVICOS ADVOCATICIOS ELEICAO'
 'SANTINHOS C FT DA CANDIDATA PREFEITA TAM.6·4X9·3CM']",1650.0,#NULO#,550.0
17869,50000953124,MARIA DO CARMO ROSA DE JESUS SOUSA,MARIA DA PONTE VELHA,CORRENTINA,AVANTE,SUPLENTE,Vereador,1,542.25,"['ADESIVO 10X10' 'ADESIVO 30X10'
 'CONFECÇÃO DE PRAGUINHAS 7X7CM PAPEL ADESIVO'
 'CONFECÇÃO DE SANTINHOS 10X7CM 4/4 CORES' 'GASOLINA COMUM' 'PERFURADO'
 'PRODUÇÃO DE JINGLE']",3442.25,#NULO#,542.25
34844,50001236450,MARIA SALVADORA DAS NEVES,SALVADORA,RIACHO DE SANTANA,PSD,SUPLENTE,Vereador,22,11859.98,MILITANTE DE CAMPANHA ELEITORAL· ELEIÇÕES 2020,12160.0,#NULO#,539.09
24368,50001089680,MANOEL DA CUNHA OLIVEIRA,MANOEL DE JUVILO,VALENTE,SOLIDARIEDADE,NÃO ELEITO,Vereador,15,8000.0,"['ADESIVO PERFURADO 1·20X0·45 COM NUMERO 77123'
 'ASSESSORIA CONTABIL DO DIA 27/09/2020 A 15/11/2020' 'GASOLINA COMUM'
 'LOCAÇÃO DE VEICULO VW/GOL 1.6· 1996'
 'MILHEIRO DE PRAGUINHAS 0·07X0·07 COM NUMERO 77123 ' 'PRAGÃO' 'SANTINHOS']",8000.0,#NULO#,533.3333333333334
27164,50001138116,DIAGNA PEREIRA DE OLIVEIRA,DIAGNA,IRECÊ,PSOL,NÃO ELEITO,Vereador,6,3181.35,TARIFA DOC/TED,3398.49,['#NULO#' 'SANTINHOS'],530.225
31450,50001204975,CLEMILDES DA SILVA,CLEMILDES,ALAGOINHAS,PODE,NÃO ELEITO,Vereador,57,29900.0,"['COORDENAÇAO DE CAMPANHA' 'COORDENAÇÃO DE CAMPANHA'
 'SERVIÇOS DE COORDENAÇAO DE CAMPANHA']",30228.0,['#NULO#' 'SANTINHOS FORMATO 7 X10'],524.561403508772
22400,50001065312,MARIA DA PAIXÃO DOS SANTOS,PAIXÃO,CAMAÇARI,PATRIOTA,NÃO ELEITO,Vereador,12,6249.999999999997,TARIFAS BANCARIAS,7732.5,#NULO#,520.8333333333331
1204,50000647875,ELIZABETE NOVAES SILVA,BETY NOVAES,JUSSIAPE,PSB,SUPLENTE,Vereador,1,520.0,['ADESIVO RETANGULAR' 'SANTINHO 7X10'],1540.0,"['#NULO#' 'PRESTAÇÃO DE SERVIÇOS ADVOCATICIOS'
 'PRESTAÇÃO DE SERVIÇOS CONTABEIS']",520.0
25299,50001108598,MARIA BENTILA DOS SANTOS,BENTA NEGO DO MATO,ENTRE RIOS,PSOL,NÃO ELEITO,Vereador,6,3058.19,GASOLINA,4588.1900000000005,['#NULO#' 'CORSA SEDAN· ANO 2009 · '],509.6983333333333
29136,50001171305,ELIS MÁRCIA DOS SANTOS PIMENTEL,ELIMARCIA,ITAMBÉ,DC,NÃO ELEITO,Vereador,2,1000.0,"['CONFECÇÃO DE ADESIVOS 30X10CM' 'CONFECÇÃO DE PRAGÃO 40X40CM'
 'CONFECÇÃO DE SANTINHOS10X07CM' 'HORARRIOS ADVOCATIICIOS ELEÇÕES 2020'
 'PRESTAÇÃOM DE CONTAS ELEITORAIS']",1000.0,#NULO#,500.0
9294,50000767613,NAYARA GOMES DE SÁ,NAYARA GOMES,PAULO AFONSO,PSL,NÃO ELEITO,Vereador,2,1000.0,GRAVAÇÃO DE 02 MUSÍCAS DE CAMPANHA ELEITORAL,1550.0,[' SERVIÇOS ADVOCATICIOS' ' SERVIÇOS CONTABEIS' '#NULO#'],500.0
26345,50001124282,HERMENEGILDO DOMINGOS DOS SANTOS FILHO,HERMENEGILDO FILHO,ITABUNA,PMN,SUPLENTE,Vereador,3,1500.0,['CONTABEIS' 'SANTINHOS'],1500.0,#NULO#,500.0
9964,50000776802,ALEXANDRE FABRICIO DE ALMEIDA MARTINS,ALEXANDRE DA HONRA,SOBRADINHO,SOLIDARIEDADE,NÃO ELEITO,Vereador,2,1000.0,SANTINHOS,1000.0,#NULO#,500.0
36437,50001253868,VERA LUCIA MARCAL,VERA PIVETINHA,JEQUIÉ,PSD,SUPLENTE,Vereador,2,1000.0,TARIFA BANCARIA,1000.0,#NULO#,500.0
29508,50001176338,ADNETE ALVES DE SOUZA,NETE DE SAPO,IPECAETÁ,PP,SUPLENTE,Vereador,1,500.0,SERV DE CONTABILIDADE PARA PRESTAÇÃO DE CONTAS ELE,500.0,#NULO#,500.0
29588,50001177961,ELISABETE PINHEIRO CRUZ,BETE DE JOÃO RAPOZA,IPECAETÁ,PSD,SUPLENTE,Vereador,1,500.0,PRESTAÇÃO DE CONTAS DE CAMPANHA,500.0,#NULO#,500.0
32873,50001215029,NATALÍ ALVES RAMOS,NATALÍ ALVES,ÁGUA FRIA,REPUBLICANOS,NÃO ELEITO,Vereador,4,1999.65,ASSISTENTE PARA DIVULGAÇÃO DA PROPAGANDA,2055.1,#NULO#,499.9125
5767,50000701907,NOELE DA MATA SOUSA,ROSA SOUSA,MACAÚBAS,PSD,SUPLENTE,Vereador,8,3966.66,['ADESIVO DE CARRO 10X30' 'ADESIVOS DE MOTO 6X12'],3966.67,#NULO#,495.8325
28203,50001155701,MARIA DAS GRAÇAS LEAL SILVA GRANCHEUX BARBOSA,GAL GRANCHEUX,CANAVIEIRAS,PSL,NÃO ELEITO,Vereador,42,20400.0,"['MATERIAL GRÁFICOS· IMPRESSO E SERVIÇO'
 'PRODUÇÃO DE TEXTO DE ARTE GRÁFICA· LAYOUT E CHANGE'
 'PROJETOS E REVISÃO DE GRAVAÇÃO DE JINGLE· ÁUDIOS E'
 'SERVIÇO DE CONSULTORIA E ASSESSORIA DE MARKETING P'
 'SERVIÇO DE PUBLICIDADE POR EQUIPAMENTO ELETRONICO '
 'T.I. ESTÚDIOS DE GRAVAÇÃO ÁUDIOS VISUAL· SPORT ET ']",20535.48,#NULO#,485.7142857142857
14696,50000883039,VANDILSON GONÇALVES TEIXEIRA,VANDILSON,GUANAMBI,REPUBLICANOS,NÃO ELEITO,Vereador,2,970.0,"['CONTRATO DE PRESTAÇÃO DE SERVIÇOS ADVOCATÍCIOS '
 'CONTRATO DE PRESTAÇÃO DE SERVIÇOS CONTÁBEIS' 'SANTINHOS 7X10CM']",970.0,#NULO#,485.0
36868,50001264490,ANA JULIA MARIA DA SILVA BARBOSA,ROSA MARIA LUXEMBURGO,JUAZEIRO,PSOL,NÃO ELEITO,Vereador,33,15856.24,BANDEIRAS,16226.36,['#NULO#' 'SERVIÇOS CONTABEIS '],480.4921212121212
22706,50001067913,SOLANGE DA SILVA DE JESUS,SOLANGE,CAMPO ALEGRE DE LOURDES,PT,SUPLENTE,Vereador,8,3828.14,"['ADESIVOS· TAMANHO 30X10CM' 'GASOLINA COMUM' 'SANTINHOS· TAMANHO 10X7CM'
 'SERVIÇOS ADVOCATÍCIOS ELEIÇÕES 2020'
 'SERVIÇOS DE CONTABILIDADE ELEIÇÕES 2020']",3828.14,#NULO#,478.5175
24727,50001098998,LUCIENE PORTO SANTOS ARAUJO,LUCIENE PORTO NORA DE SALU,SEBASTIÃO LARANJEIRAS,PSB,SUPLENTE,Vereador,7,3325.0,500 SANTINHOS 8X8,3325.0,#NULO#,475.0
12185,50000823926,MARCIA SOLANGE MESSIAS DA SILVA,MARCIA,LAPÃO,PC do B,SUPLENTE,Vereador,5,2370.0,"['ADESIVO 25X12 CM' 'ADESIVO PERFURADO 120X45 CM'
 'CONFECCAO DE BANDEIRAS DE ELEICAO' 'PRAGUINHA 9X5 CM' 'SANTINHO 10X7 CM']",2370.0,#NULO#,474.0
17721,50000951094,DEISE CONRADO SOUZA,DEISE,ARAÇÁS,PODE,SUPLENTE,Vereador,4,1895.0,GASOLINA COMUM,2000.0,#NULO#,473.75
24369,50001089681,JUSSARA SANTOS DE SOUZA,SARA SOUZA,VALENTE,SOLIDARIEDADE,NÃO ELEITO,Vereador,23,10800.0,"['ADESIVO 0.30 X 0.10 CM COM NUMERO 77000'
 'ADESIVO 0.30X0.30 CM COM NUMERO 77000'
 'ADESIVO 0.45 X 0.15 CM COM NUMERO 77000'
 'ADESIVO 0.50 X 0.50 CM COM NUMERO 77000'
 'ADESIVO PERFURADO 1·20 X 0·45 COM NUMERO 77000' 'GASOLINA COMUM '
 'MILHEIRO DE SANTINHO 0·7 X 0·10CM COM NUMERO 77000'
 'PRAGUINHAS 0.7X0.7 CM COM NUMERO 77000'
 'SERVIÇO DE ACESSORIA CONTABIL PARA 2 MESES']",10820.46,#NULO#,469.5652173913044
14850,50000893768,JOELMA SANTANA DE CASTRO,JOELMA,RIBEIRA DO POMBAL,PL,SUPLENTE,Vereador,21,9855.0,"['ADESIVO 7X7CM' 'CRIACAO E FILMAGEM PARA MATERIAL PUBLICITARIO'
 'GESTAO DE REDE SOCIAS ' 'IMAGENS EDITADAS PARA PROPAGANDA ELEITORAL'
 'PRAGUINHA 7X7 ' 'PRAGUINHAS 7X10' 'SANTINHO 6X3 9X4 CM'
 'SANTINHOS 6X3 9X4 CM' 'SERVICO DE MILITANCIA' 'SERVIÇOS CONTÁBEIS'
 'SERVIÇOS DE ADVOCACIA']",17000.0,#NULO#,469.2857142857143
6316,50000706920,POLIANA FERNANDES DOS SANTOS,POLY FERNANDES,LAFAIETE COUTINHO,PSD,SUPLENTE,Vereador,2,922.3,TARIFAS,922.3,#NULO#,461.15
29110,50001171234,ELZA RODRIGUES DA SILVA,DONA ELZA,BRUMADO,PP,SUPLENTE,Vereador,11,4999.210000000001,GASOLINA COMUM,5000.0,#NULO#,454.47363636363644
24583,50001096012,ALINE SANTOS ROCHA,ALINE ROCHA,ITARANTIM,PP,SUPLENTE,Vereador,22,9989.449999999999,TARIFA BANCARIA,10150.0,3.000 SANTINHOS AO CANDIDATO A VEREADOR,454.06590909090903
31922,50001209563,GISELE BISPO DE LIMA,GISELE,ÁGUA FRIA,PSB,SUPLENTE,Vereador,1,450.0,"['SERVIÇOS DE PRESTAÇÃO DE CONTAS'
 'SERVIÇOS JURIDICO ENTREGA PRESTAÇAÕ DE CONTAS']",450.0,#NULO#,450.0
6325,50000706929,NADIA CARDOSO DOS SANTOS,NADIA CARDOSO,LAFAIETE COUTINHO,PSD,SUPLENTE,Vereador,2,900.0,['PRAGUINHAS' 'PRESTAÇAÕ DE CONTAS' 'SANTINHOS' 'SERVIÇOS JURIDICOS'],900.0,#NULO#,450.0
20520,50001001938,EDELZITA DOMINGOS DOS PASSOS,DELZITA,BREJOLÂNDIA,PL,SUPLENTE,Vereador,1,450.0,['SERVIÇOS ADVOCATICIOS' 'SERVIÇOS CONTABEIS'],450.0,#NULO#,450.0
20525,50001001944,GELCIA DOS ANJOS LEITE,GELCIA DO JACINTO,BREJOLÂNDIA,PL,SUPLENTE,Vereador,1,450.0,['SERVIÇOS ADVOCATICIOS' 'SERVIÇOS CONTABEIS'],450.0,#NULO#,450.0
13680,50000856531,RIVAILTON PINTO VELOSO DA SILVA,RIVAILTON,SALVADOR,PTC,NÃO ELEITO,Vereador,445,199814.0,SANTINHOS,200000.0,#NULO#,449.0202247191011
14724,50000883745,MARILUCI TRINDADE DA SILVA,LÚCIA DO MONTE AZUL,GUANAMBI,PSDB,SUPLENTE,Vereador,3,1320.85,"['ADESIVOS 8X8' 'CONTRATO DE PRESTAÇÃO DE SERVIÇOS ADVOCATÍCIOS '
 'CONTRATO DE PRESTAÇÃO DE SERVIÇOS CONTÁBEIS'
 'DOC/TED PESSOAL 2965288 / 3049213' 'DP06 GUICHE DA CAIXA'
 'PRAGUINHAS TAMANHO 8X8' 'TAR DI AGENCIA VR PARCIAL DEPOSITO IDENTIFIC']",1320.85,#NULO#,440.2833333333333
37,50000631964,CREUZA DE JESUS LISBOA DA CRUZ,CREUZA GARI,IBIRAPUÃ,PTC,SUPLENTE,Vereador,5,2200.0,MILITANCIA E DIST. PROG. GOVERNO,2200.0,#NULO#,440.0
12245,50000826348,ENIZALDIR BATISTA DE SOUSA,BIU DE DARINHO,NOVA REDENÇÃO,PC do B,NÃO ELEITO,Vereador,3,1310.0,['KIT TIRAGEM 5000 SANTINHOS E 1000 PRAGUINHAS' 'SERVIÇOS CONTABEIS'],320.0,#NULO#,436.6666666666667
33751,50001224846,ANA MEIRE DA PAIXÃO NOVAES,MEIRE NOVAES,SEABRA,REPUBLICANOS,SUPLENTE,Vereador,3,1300.0,SERVIÇOS CONTABEIS,1303.0,#NULO#,433.3333333333333
10307,50000781025,FLORIVAL DOS SANTOS DE JESUS JUNIOR,PISCA,ARAÇÁS,PSD,SUPLENTE,Vereador,3,1286.45,['SANTINHOS ' 'SERVIÇO ADVOCATICIO' 'SERVIÇO CONTABIL' 'TARIFA DI AGENCIA'],2000.0,#NULO#,428.81666666666666
8954,50000763996,NEVOLANDA MARTINS MARQUES DOS SANTOS,NEVOLANDA,IBITITÁ,PT,NÃO ELEITO,Vereador,9,3850.0,"['CONFECÇÃO E IMPRESSÃO DE ADESIVOS 40X50'
 'CONFECÇÃO E IMPRESSÃO DE CARTAZES A3'
 'CONFECÇÃO E IMPRESSÃO DE DE PRAQUINHAS'
 'CONFECÇÃO E IMPRESSÃO DE PERFURADOS 136X48'
 'CONFECÇÃO E IMPRESSÃO DE SANTINHOS' 'CONSULTORIA E ASSESSORIA CONTÁBIL'
 'GRAVAÇÃO DO HORÁRIO ELEITORAL GRATUÍTO' 'SERVIÇOS ADVOCATÍCIOS']",3850.0,#NULO#,427.77777777777777
10702,50000786175,VIVIANE DA SILVA BARRETO SALES,VIVIANE FOTOGRAFA,LAURO DE FREITAS,PATRIOTA,SUPLENTE,Vereador,14,5980.0,['BANDEIRA' 'COORDENACAO' 'JINGLKE' 'SERVICO DE PROPAGANDA'],6000.0,#NULO#,427.14285714285717
33813,50001225356,LAUDELINO ALVES DE ARAUJO,LAUDELINO DO MOVIMENTO NEGRO,NOVA VIÇOSA,PT,NÃO ELEITO,Vereador,2,850.0,HONORARIOS CONTABEIS,850.0,#NULO#,425.0
19795,50000982688,SINOVALDO PEREIRA DOS SANTOS,FOFAO,FEIRA DA MATA,PSD,SUPLENTE,Vereador,4,1695.0,"['CONFEC. PRAGUINHAS 7X7CM' 'CONFEC. SANTINHOS 7X10CM'
 'REF. PRESTACAO DE SERVICO CONTABIL'
 'REF. SERVICOS ADVOCATICIOS DE ASSESSORIA E CONSULT']",1705.1,#NULO#,423.75
4653,50000698120,HELBER LEJUNO CARDOSO DE ARAUJO,IRMAO HELBER,CANSANÇÃO,PL,SUPLENTE,Vereador,2,843.0,TARIFA BANCARIA ,843.0,#NULO#,421.5
17848,50000952756,MARA RÚBIA SAMPAIO ROCHA,MARA RÚBIA,CORRENTINA,PC do B,SUPLENTE,Vereador,20,8410.5,SERVIÇOS DE ATIVIDADES RELACIONADAS A ELEIÇÃO 2020,8410.5,#NULO#,420.525
12988,50000839148,MARIA ISABEL MOREIRA HILLING,PROFESSORA ISABEL,CANDEIAS,AVANTE,SUPLENTE,Vereador,12,5000.0,TARIFA DE TRANSFERENCIA,5032.0,['#NULO#' 'ADESIVO VINILICO PARA CHOQUE '],416.6666666666667
29118,50001171242,CARDÊNIA NÚBIA NOGUEIRA MOREIRA,CARDÊNIA MOREIRA,BRUMADO,PP,SUPLENTE,Vereador,12,5000.0,SERVIÇOS DE MOBILIZAÇÃO DE RUA,5000.0,#NULO#,416.6666666666667
5687,50000701526,ROSANGELA AMORIM SANTOS,ROSA AMORIM,VITÓRIA DA CONQUISTA,PC do B,SUPLENTE,Vereador,81,33485.85,APOIO DE CAMPANHA ELEITORAL,37086.53,#NULO#,413.40555555555557
2477,50000667485,MARIA REGINA FERREIRA MOTA,REGINA DE BERRO GROSSO,ARACI,PDT,SUPLENTE,Vereador,4,1650.0,"['PRESTACAO DE SERVICOS CONTABEIS ELEICAO'
 'PRESTAÇÃO DE SERVICOS ADVOCATICIOS ELEICAO'
 'SANTINHOS C CANDIDATA A PREFEITA TAM.6·4X9·3CM']",1650.0,#NULO#,412.5
29127,50001171251,ANA MESSIAS DA SILVA,ANA MESSIAS ,BRUMADO,PP,SUPLENTE,Vereador,17,7000.0,SERVIÇOS DE MOBILIZAÇÃO DE RUA,7000.0,#NULO#,411.7647058823529
22542,50001066634,KEDMA CRISTIANE DIAS DA SILVA,GALEGA,CAMPO ALEGRE DE LOURDES,PC do B,SUPLENTE,Vereador,9,3704.25,"['1.000 UND DE SANTINHOS· TAMANHO 10X7CM'
 '100 UND DE ADESIVOS· TAMANHO 30X10CM' 'GASOLINA COMUM'
 'SERVIÇOS ADVOCATICIOS ELEICOES 2020' 'SERVIÇOS CONTABEIS ELEIÇÕES 2020']",3704.25,#NULO#,411.5833333333333
886,50000642735,LIDIANE MARIA MOREIRA DOS SANTOS,MISSIONÁRIA LIDIANE,SALVADOR,AVANTE,SUPLENTE,Vereador,28,11324.5,"['ADESIVOS 10X30' 'ADESIVOS 50X40' 'BANDEIRAS 100X70' 'BIGHAND 600X400'
 'CARTAZES A3' 'FAIXA 40X10' 'LOCAÇÃO DO VEICULO' 'PERFURADOS 100X45'
 'PRAGUINHAS 7X7' 'SANTINHOS 6X9' 'SERVICOS ADVOCATICIOS'
 'SERVIÇOS DE MOTORISTA']",27500.0,#NULO#,404.44642857142856
36827,50001263383,ROQUE MACHADO NASCIMENTO,ROQUE MACHADO,JAGUAQUARA,REPUBLICANOS,SUPLENTE,Vereador,3,1204.52,TARIFA DEPÓSITO IDENTIFICADO,1204.52,#NULO#,401.50666666666666
12757,50000835910,TATIANA ARAÚJO DE OLIVEIRA,TATY ARAÚJO,IRAJUBA,DEM,SUPLENTE,Vereador,1,400.0,"['ADESIVO 10X30' 'ADESIVOS 10X10' 'ADESIVOS 40X50' 'PERFURADOS'
 'PRAGUINHAS' 'SANTINHOS']",411.05,#NULO#,400.0
21560,50001050155,JOSÉ ROBERTO DA SILVA,ROBERTO DO BUQUEIRÃO,ICHU,PSD,SUPLENTE,Vereador,1,400.0,"['IMPRESSÃO DE 100 (CEM) ADESIVOS 8X20CM'
 'IMPRESSÃO DE 200 (DUZENTOS) ADESIVOS 6X12CM'
 'IMPRESSÃO DE 5000 (CINCO MIL) SANTINHOS 10X7']",550.0,#NULO#,400.0
20309,50000996695,ELIZABETH FERREIRA DA CRUZ,BETH DE SANTA RITA,ITANHÉM,PSD,SUPLENTE,Vereador,5,2000.0,"['PANFLETAGEM E ACOMPANHAMENTO DO CANDIDATO NAS RUA'
 'PANFLETAGEM E ACOMPANHAMENTO DO CANDIDATO NAS RUAS'
 'SERV. DE PANFLETAGEN E ACOMPANHAMENTO NAS RUAS'
 'SERVIÇOS E PLANFETAGENS E ACOMPANHAMENTO NAS RUAS ']",2258.0,RATEIO SANTINHOS TAM. 9X7 COR 4X1 PARA VEREADORES,400.0
8395,50000759194,ROSANGELA CORDEIRO DOS SANTOS,NINA DO PEROVAZ,SALVADOR,CIDADANIA,SUPLENTE,Vereador,15,6000.0,"['COORDENAÇÃO DE CAMPANHA ELEITORAL' 'MOBILIZAÇÃO DE RUAS'
 'SERVIÇOS ADVOCATICIOS' 'SERVIÇOS CONTABEIS'
 'SERVIÇOS DE MOBILIZAÇAO DE RUAS' 'SERVIÇOS DE MOBILIZAÇÃO DE RUAS'
 'TAXAS DE TRANSFERENCIAS BANCARIAS']",16248.64,['#NULO#' 'KIT CONTENDO SANTINHOS PRAGUINHAS PERFAIXASFURADOS FOLDERES E'],400.0
13190,50000844281,ZILMAURELIA DE SOUSA BEZERRA,ZIL BEZERRA,BARREIRAS,AVANTE,SUPLENTE,Vereador,20,8000.0,SERV DE MOTORISTA CAMPANHA CF CONTRATO,9104.0,"['SANTINHO POLITICO 10X7 CM HORIZONTAL'
 'SANTINHO POLITICO 10X7 CM VERTICAL']",400.0
30788,50001196715,DAURA DOS SANTOS OLIVEIRA,DARIA,BELO CAMPO,PL,SUPLENTE,Vereador,19,7500.0,"['ADESIVOS 15X15' 'ADESIVOS 360X10' 'GASOLINA - DOAÇÃO PARA CARREATA'
 'PRAGÃO' 'SANTINHOS']",7500.0,#NULO#,394.7368421052632
17733,50000951106,UBALDINO DOS SANTOS FILHO,UBALDINO,ARAÇÁS,PODE,SUPLENTE,Vereador,5,1970.0,GASOLINA COMUM,2000.0,#NULO#,394.0
8407,50000759206,JOSELIA FERREIRA DA SILVA,JOSELIA FERREIRA,SALVADOR,CIDADANIA,SUPLENTE,Vereador,13,5000.0,"['SERVIÇO DE COORDENACAO DE CAMPANHA E MOBILIZAÇÃO '
 'SERVIÇOS ADVOCATICIOS' 'SERVIÇOS CONTABEIS'
 'SERVIÇOS DE COORDENAÇÃO E PANFLETAGEM' 'TAXA DE TRASNFERENCIA'
 'TAXAS DE TRANSFERENCIAS']",13208.64,#NULO#,384.61538461538464
1486,50000652311,BRUNO SILVA RANGEL,DR BRUNO DENTISTA,IBIRAPUÃ,PP,SUPLENTE,Vereador,16,6144.45,MILITANCIA E MOBILIZAÇÃO DE RUA,6897.49,#NULO#,384.028125
13713,50000856568,LUCIDALVA MANAIA DA SILVA DE JESUS,TIA LU,SALVADOR,PTC,NÃO ELEITO,Vereador,10,3830.0,SANTINHOS,3913.0,#NULO#,383.0
23911,50001084055,JOSE CARLOS SEVERO,CARLOS BOIADEIRO,MUCURI,MDB,NÃO ELEITO,Vereador,4,1516.85,TARIFA DEPOSITO EM DINHEIRO,1816.85,#NULO#,379.2125
4979,50000699170,LEILA DO NASCIMENTO DE SOUZA,LEILA NASCIMENTO,CRISTÓPOLIS,PSD,SUPLENTE,Vereador,9,3394.0,MILITANCIA E PLANFLETAGEM,3774.4,"['#NULO#'
 'PRODUÇÃO DE JINGLES· PROPAGANDA ELEITORAL DE RADIO· LOCUÇÃO E OFFS'
 'SANTINHOS']",377.1111111111111
13206,50000844298,JAIRES ESCOBAR DE SANTANA,JAIRES ESCOBAR,BARREIRAS,AVANTE,SUPLENTE,Vereador,61,23000.0,ATIVIDADES DE PANFLETAGEM,23954.0,#NULO#,377.04918032786884
23001,50001071816,ANSELMO RODRIGUES DA COSTA,ANSELMO COSTA,LAURO DE FREITAS,PSB,NÃO ELEITO,Vereador,4,1500.0,"['IMPRES DE FOLHETOS 15CMX21 PAPEL COUCHÉ 20000 UN'
 'PREST SERVIÇOS ADVOCATICIOS CAMP ELEITORAL 2020']",2576.92,"['#NULO#'
 'CT PREST DE SERVIÇOS ADVOCAT DURANTE CAMP ELEITORAL 2020 PAGO PELO PSB LF E RATEADO AOS CANDIDATOS']",375.0
35717,50001245925,MARIA IVONETE DE SOUSA BISPO,MARIA PIRIQUITA,PORTO SEGURO,PC do B,SUPLENTE,Vereador,8,3000.0,['ADESIVOS ' 'PRAGUINHAS ' 'SANTINHOS ' 'TAAXA '],4028.0,SANTINHOS,375.0
9070,50000765417,JANDESON BARRETO DOS REIS,JANDESON BARRETO,SÃO FRANCISCO DO CONDE,PT,SUPLENTE,Vereador,8,2983.8,['PRESTAÇÃO DE SERVIÇO' 'TAR DI AUTOAT'],2492.0,#NULO#,372.975
35254,50001241057,GUTEMBERG DA SILVA MARINS,GUTTO DOS CAIAQUES,GLÓRIA,PODE,SUPLENTE,Vereador,1,370.0,['PERFURADOS 110X45 CM' 'PRAGUINHAS 7X7 CM' 'SANTINHOS 6X9 CM'],1000.0,#NULO#,370.0
23368,50001077517,JAILTON BEZERRA DA SILVA,PITTER DO CARRO DE SOM,PIRITIBA,MDB,SUPLENTE,Vereador,1,370.0,['ADESIVOS' 'PRAGUINHA' 'SANTINHOS '],370.0,#NULO#,370.0
17023,50000937665,EDNA REGINA DOS ANJOS PASSOS GOMES,EDNA DE TIZIL,MIGUEL CALMON,SOLIDARIEDADE,SUPLENTE,Vereador,14,5179.65,TAXA BANCARIA ,6714.65,#NULO#,369.97499999999997
9068,50000765415,EMILIANA BOMFIM,LIA BOMFIM,SÃO FRANCISCO DO CONDE,PT,SUPLENTE,Vereador,8,2951.75,PRESTAÇÃO DE SERVIÇO,3390.0,#NULO#,368.96875
22302,50001064618,LUCIENE FERREIRA DOS SANTOS,LUCIENE SANTOS,CAMAÇARI,PC do B,NÃO ELEITO,Vereador,87,32067.649999999998,CABO ELEITORAL,33420.0,#NULO#,368.5936781609195
17714,50000951024,SIMONE SILVA DOURADO ARAÚJO,SIMONE DOURADO,CORRENTINA,PODE,SUPLENTE,Vereador,20,7365.5,SERVIÇOS DE ATIVIDADES RELACIONADAS A ELEIÇÃO 2020,7365.5,#NULO#,368.275
33362,50001220466,CLAUDIO MEIRA DE OLIVEIRA,CLAUDINHO,CAFARNAUM,PC do B,SUPLENTE,Vereador,3,1100.0,SERVIÇOS CONTABEIS ELEIÇÕES 2020,200.0,"['ASSESSORIA E CONSULTORIA JURIDICA '
 'IMPRESSÃO DE SANTINHOS TAMANHO 10X7 COR 4X1']",366.6666666666667
19967,50000988790,JEAN MAGALHÃES MARTINS,JEAN MAGALHÃES,CANDIBA,MDB,NÃO ELEITO,Vereador,3,1100.0,"['PRESTAÇÃO DE SERVIÇOS ADM FINANCEIRO NA CAMPANHA'
 'PRESTAÇÃO DE SERVIÇOS ADVOCATICIOS NA CAMPANHA'
 'PRESTAÇÃO DE SERVIÇOS CONTABEIS NA CAMPANHA 2020'
 'SANTINHOS COLORIDOS TAM 10X7']",2040.0,"['#NULO#' 'ADESIVOS PERFURADOS IMPRESSOS TAM 1·35X0·55M'
 'ADESIVOS VINIL IMPRESSOS TAM 10X10 CM FORMATO QUADRADO'
 'ADESIVOS VINIL IMPRESSOS TAM 7X7CM FORMATO REDONDO'
 'SANTINHOS COLORIDOS TAM 10X7CM']",366.6666666666667
27140,50001137415,JOSÉ CARLOS BARBOSA DOS REIS,CARLINHOS REIS,SÃO GABRIEL,PSB,SUPLENTE,Vereador,3,1100.0,SERVIÇOS CONTABEIS ELEIÇÕES 2020,100.0,ASSESSORIA E CONSULTORIA JURIDICA ELEITORAL ,366.6666666666667
28146,50001155592,ELZITA SANTOS DA SILVA,EUZITA,PARAMIRIM,PSD,SUPLENTE,Vereador,4,1460.35,TARIFA DEPOSITO DINHEIRO,1460.35,#NULO#,365.0875
31820,50001207981,TEREZA CRISTINA LIMA SANTOS,TEREZA CRISTINA,ITAMBÉ,PV,NÃO ELEITO,Vereador,2,728.0,BANDEIRA,878.0,['#NULO#' 'CONTRATO' 'CONTRATO DE DOAÇÃO'],364.0
15833,50000921186,SIDINEI MARCOS DE JESUS CURCINO,MARCÃO DO POVO,BOQUIRA,PL,SUPLENTE,Vereador,11,4000.0,CABO ELEITORAL NA ELEIÇÃO 2020,4000.0,#NULO#,363.6363636363636
2322,50000666058,LUIS CLAUDIO SANTOS SILVA,LUIS CLAUDIO CONCHAVO,SALVADOR,PV,SUPLENTE,Vereador,8,2900.0,"['10 BANDEIRAS ' 'ADESIVOS' 'CARTAZES' 'SANTINHOS '
 'SUB CONTRATAÇÃO DE ASSESSORIA JURIDICA E CONTABIL ']",3000.0,#NULO#,362.5
3507,50000676125,DANIELA VITORIA DE OLIVEIRA,DANIELA,FEIRA DE SANTANA,PC do B,NÃO ELEITO,Vereador,3,1070.0,['PERFURADOS' 'PRAGUINHAS' 'PRESTAÇÃO DE SERVIÇO DE PANFLETAGEM'],2238.18,['#NULO#' 'PRESTAÇÃO DE CONTAS ELEITORAL.'],356.6666666666667
4475,50000692682,MARCELO LUZ PASSOS,MARCELO PASSOS,CAIRU,PC do B,NÃO ELEITO,Vereador,3,1062.0,TARIFA TED/DOC,1662.0,#NULO#,354.0
4045,50000688638,EDINETE PEREIRA DE JESUS BARBOSA,EDINETE,TAPIRAMUTÁ,PP,SUPLENTE,Vereador,17,6000.0,"[' CONFECÇÃO DE BANDEIRAS' 'CONFECÇÃO DE ADESIVO TAM 26X13CM'
 'CONFECÇÃO DE CAMISAS'
 'CONFECÇÃO DE PERFURADOS PARA VEICULOS TAM 80X40CM' 'GASOLINA COMUM'
 'LOCAÇÃO DE VEICULO TIPO AUTOMOVEL VW/GOL 1.0'
 'PRAGUINHAS ADESIVAS 7X7 - RECORTE REDONDO'
 'SANTINHOS EM PAPEL 7X10 - FRENTE E VERSO' 'TARIFA BANCARIA']",6000.0,#NULO#,352.94117647058823
26386,50001124475,JESSICA MONTEIRO DE MAGALHAES,JESSICA MAGALHAES,CORRENTINA,PSD,SUPLENTE,Vereador,4,1400.0,['SERVICOS ADVOCATICIOS PREST DE CONTAS' 'SERVICOS CONTABEIS PREST CONTAS'],1400.0,#NULO#,350.0
26390,50001124480,MARIA APARECIDA BARBOSA DA SILVA,CIDA DE DONA EDITE,CORRENTINA,PSD,SUPLENTE,Vereador,4,1400.0,['SERVICOS ADVOCATICIOS' 'SERVICOS CONTABEIS'],1400.0,#NULO#,350.0
5429,50000700509,HELENA CRISTINA POSENER DE ANDRADE,DRA HELENA POSENER,LAURO DE FREITAS,PSD,SUPLENTE,Vereador,43,15000.0,CARTA ABERTA,18877.5,#NULO#,348.83720930232556
33543,50001223767,NOELDA FERNANDES DA SILVA ALVES,NOELDA DA CANABRAVA,FORMOSA DO RIO PRETO,PSC,NÃO ELEITO,Vereador,3,1043.9,"['PRESTACAO DE SERVICOS ADVOCATICIOS' 'PRESTACAO DE SERVICOS CONTABEIS'
 'TARIFA BANCARIA' 'TARIFA TED ']",1043.9,#NULO#,347.9666666666667
18936,50000970447,JOÃO MARTINS CERQUEIRA FILHO,JOÃO DE JONGA,CORAÇÃO DE MARIA,PTB,NÃO ELEITO,Vereador,46,15951.0,SANTINHOS ,16200.0,['#NULO#' 'PRESTAÇÃO DE SERVIÇO CAMPANHA ELEITORAL 2020'],346.7608695652174
