,index,NM_CANDIDATO,NM_URNA_CANDIDATO,NM_UE,SG_PARTIDO,DS_SIT_TOT_TURNO,QT_VOTOS_NOMINAIS,VR_DESPESA_CONTRATADA,VR_RECEITA,VR_VOTO
0,30311,MARIVALDA MARTINS DOS SANTOS,MARIVALDA,MARAGOGIPE,PSOL,NÃO ELEITO,1,5812.249999999999,6751.06,5812.249999999999
1,33740,ALINE TORRES DE JESUS,PROFESSORA ALINE,ITACARÉ,PP,SUPLENTE,6,20000.0,20075.95,3333.3333333333335
2,728,MARIA DE LOURDES ROSA DE JESUS,BILEU,PONTO NOVO,PP,SUPLENTE,3,10000.0,10000.0,3333.3333333333335
3,27171,DAVI TOURINHO DE BRITO,DAVI TOURINHO,IRECÊ,PSOL,NÃO ELEITO,1,2881.35,3073.64,2881.35
4,22395,JOÃO DE ARAÚJO,ARAUJO,CAMAÇARI,PATRIOTA,NÃO ELEITO,42,119987.85,120920.0,2856.8535714285717
5,24734,ANE TATIANE PEREIRA SOUZA MONÇÃO,TATY MONÇÃO,SEBASTIÃO LARANJEIRAS,PSB,SUPLENTE,1,2825.0,2825.0,2825.0
6,14847,MARIA CLAUDIA COSTA DE SANTANA,CLAUDINHA,RIBEIRA DO POMBAL,PL,SUPLENTE,1,2355.0,1000.0,2355.0
7,17721,RITA PAULINA SANTOS DE SOUZA,ÉLITA PAULA,CORRENTINA,PODE,SUPLENTE,3,6870.0,6870.0,2290.0
8,34856,ÁUREA MARIA REIS,LÔRA DA VESPERINA,RIACHO DE SANTANA,PSD,SUPLENTE,5,11042.7,11642.7,2208.54
9,6131,NIKALICE AZEVEDO DOS SANTOS RIBEIRO,NIKALICE,ILHÉUS,PC do B,SUPLENTE,1,2159.9,3019.18,2159.9
10,30914,FERNANDA LUCIA PEREIRA,FERNANDA LUCIA,ITANHÉM,PT,NÃO ELEITO,2,4174.999999999999,4720.0,2087.4999999999995
11,14062,ROSANGELA MUNIZ DOS SANTOS,RÓ,ILHÉUS,PP,SUPLENTE,1,2000.0,2000.0,2000.0
12,10695,CLAUDIA JAMILLE PROENCIA AKKARI,JAMILLE CORRETORA,LAURO DE FREITAS,PATRIOTA,SUPLENTE,34,61799.070000000036,61800.0,1817.619705882354
13,5990,MARCIA XAVIER DE OLIVEIRA,MARCIA DE SINHÕ,IBIPITANGA,PSD,SUPLENTE,3,5040.0,5040.0,1680.0
14,13005,TAILANA PINHEIRO FERREIRA,TAILANA,CANDEIAS,AVANTE,SUPLENTE,3,5000.0,5000.0,1666.6666666666667
15,2475,GILDETE JESUS DE SANTANA,DETE,ARACI,PDT,SUPLENTE,1,1650.0,1650.0,1650.0
16,36850,CRISTIANO PEREIRA DA SILVA,CRISTIANO DO BAIXÃO,IRECÊ,PP,NÃO ELEITO,1,1600.0,0.0,1600.0
17,31264,MARCO HENRIQUE CARNEIRO DOURADO,HENRIQUE DOURADO,IRECÊ,DEM,NÃO ELEITO,1,1600.0,0.0,1600.0
18,37136,ADRIANO DAVID DE SOUSA,ADRIANO DO BAIXIO DE IRECÊ,IRECÊ,DEM,NÃO ELEITO,1,1600.0,0.0,1600.0
19,5746,MÔNICA ALMEIDA COSTA SILVA,MÔNICA,VITÓRIA DA CONQUISTA,PSC,SUPLENTE,1,1500.0,1500.0,1500.0
20,32190,LINDA MARIA DA COCEIÇÃO ALVES,LINDA MARIA,IRECÊ,AVANTE,SUPLENTE,1,1480.0,0.0,1480.0
21,29293,FABIANA SANTOS CONCEICAO,FABIANA SANCON,PORTO SEGURO,PROS,SUPLENTE,17,24577.9,51628.0,1445.7588235294118
22,34990,GISELIO BRITO DE LIMA,GISELIO DE DJALMA,ESPLANADA,MDB,SUPLENTE,1,1401.3,1401.3,1401.3
23,36943,CARLA FRANCIELLY ANDRADE SILVA,CARLA,PARAMIRIM,PSD,SUPLENTE,1,1400.0,1400.0,1400.0
24,34409,JOSE RAIMUNDO MOREIRA DUARTE,RAIMUNDINHO DOS BORGES,AMÉRICA DOURADA,PC do B,SUPLENTE,1,1320.0,1520.0,1320.0
25,8513,MARLI BRITO RIBEIRO,MARLI RIBEIRO,LICÍNIO DE ALMEIDA,DEM,NÃO ELEITO,1,1250.0,1250.0,1250.0
26,8662,VALERIA MENDES DE SOUZA PORTO,VALERIA MENDES,LAPÃO,PP,SUPLENTE,1,1240.9,0.0,1240.9
27,37014,JUCILEIDE DA SILVA SOUZA,LÊDA DA FARMÁCIA,CAMAÇARI,PSB,SUPLENTE,2,2414.0,2414.11,1207.0
28,14726,RITA DE CÁSSIA MALHEIROS CARVALHO,CASSINHA,GUANAMBI,PSDB,SUPLENTE,2,2400.0,0.0,1200.0
29,30007,JOSE CARLOS SOUZA DE MATOS,JOSE CARLOS SOUSA DE MATOS,CAPIM GROSSO,DEM,SUPLENTE,1,1197.35,1597.35,1197.35
30,17717,SUELI MONTALVÃO DA SILVA,SUELI MONTALVÃO,CORRENTINA,PODE,SUPLENTE,4,4780.0,4780.0,1195.0
31,14909,SILVIA HELENA BRITO TORRES SILVA,SILVIA DO PASTOR JOÃO,ITAGIBÁ,PDT,NÃO ELEITO,3,3500.0,3500.0,1166.6666666666667
32,30282,KAROLAINE SILVA FREITAS,KAROLAINE FREITAS,JEQUIÉ,PSB,SUPLENTE,1,1100.0,1100.0,1100.0
33,27058,DUCICLÉIA MACHADO ROCHA,KEU,SÃO GABRIEL,PSD,SUPLENTE,1,1100.0,100.0,1100.0
34,33957,KELLY GABRIELLE FERREIRA DA SILVA,KELLY DO LAVADOR,NOVA VIÇOSA,CIDADANIA,SUPLENTE,1,1063.77,4062.79,1063.77
35,19017,SHEYLA SOUVERAIN SANTOS RIOS,SHEYLA RIOS,SENHOR DO BONFIM,DEM,SUPLENTE,19,20000.0,20000.0,1052.6315789473683
36,30275,CLAYDISNEIA DANTAS DA SILVA,NEIA DANTAS,JEQUIÉ,PSB,SUPLENTE,1,1050.0,1050.0,1050.0
37,29274,MARIZETE SANTOS LIMA,ZETE,ITUAÇU,PSD,SUPLENTE,1,1045.0,0.0,1045.0
38,29281,MAGNA RIBEIRO AGUIAR,MAGNA,ITUAÇU,PSD,SUPLENTE,1,1045.0,0.0,1045.0
39,26161,RICARDO DE JESUS SOUZA,RICARDO SOUZA,SÃO MIGUEL DAS MATAS,PDT,SUPLENTE,2,2059.7,2000.0,1029.85
40,22407,MARCOS VALNILSON CONCEIÇÃO DA SILVA,MARCOS ÍNDIO,CAMAÇARI,PATRIOTA,NÃO ELEITO,3,3076.0,2900.0,1025.3333333333333
41,35641,GRAZIELE TEIXEIRA DA LUZ,IRMÃ GRAZI,ITACARÉ,PSC,NÃO ELEITO,1,1000.04,1000.0,1000.04
42,25100,VALERIA RIBEIRO DOS SANTOS,VALERIA RIBEIRO,IPUPIARA,PSD,SUPLENTE,1,1000.0,0.0,1000.0
43,34520,JOSE IRANILDO LEITE,IRANILDO CABELO,SERRA DO RAMALHO,PL,SUPLENTE,4,4000.0,500.0,1000.0
44,15299,ELISIO DUYPRATH DE ANDRADE FILHO,ELISIO ANDRADE,SALVADOR,REDE,NÃO ELEITO,4,3900.0,5197.0,975.0
45,14693,GERCIANE CASADO OLIVEIRA,GERCIANE,GUANAMBI,REPUBLICANOS,NÃO ELEITO,1,970.0,0.0,970.0
46,13680,CLÁUDIA CINTRA MORAIS,CLÁUDIA CINTRA,SALVADOR,PTC,NÃO ELEITO,4,3830.0,3913.0,957.5
47,29956,DANIELE AZEVEDO DE OLIVEIRA,DANI AZEVEDO,MAIRI,PC do B,SUPLENTE,2,1902.15,2190.48,951.075
48,19666,HILDA DA SILVA CERQUEIRA RODRIGUES MARQUES,HILDA CERQUEIRA,CAETITÉ,PSD,SUPLENTE,18,16457.5,19325.0,914.3055555555555
49,3460,MARIA DE LOURDES LIMA SANTOS TEIXEIRA,DONA LOURDES,CAETANOS,PC do B,SUPLENTE,1,859.0300000000001,859.03,859.0300000000001
50,19685,DAIANNE DE MIRANDA MORAES,DAIANNE DE DEI DE JUVENAL,CANÁPOLIS,PSD,NÃO ELEITO,6,5140.0,5140.0,856.6666666666666
51,1489,MARIA NILZA COELHO PRATES,MARIA NILZA,IBIRAPUÃ,PP,SUPLENTE,9,7665.45,8328.49,851.7166666666667
52,33385,GILMAIANE PORTO SILVA,GILMAIANE PORTO,ITIÚBA,PSD,SUPLENTE,1,850.0,850.0,850.0
53,9225,MÁRCIA MOEMA DOS SANTOS PEREIRA,MÁRCIA,RIO DE CONTAS,PSD,SUPLENTE,13,11037.5,13305.0,849.0384615384615
54,10852,VALDINEI DOS SANTOS NASCIMENTO,NEINHA DA TOMÉ DE SOUZA,SÃO DOMINGOS,SOLIDARIEDADE,SUPLENTE,6,5000.0,5750.6,833.3333333333334
55,15168,AROLDO MISQUITA CLARINDO,AROLDO,MUCURI,PL,NÃO ELEITO,3,2480.0,2495.0,826.6666666666666
56,254,JACIARA DA SILVA NOVAIS,JACY NOVAIS,ITUAÇU,PSL,NÃO ELEITO,1,823.9000000000001,1448.9,823.9000000000001
57,5652,ZÉLIA NOGUEIRA LIMA,ZÉLIA LIMA,VITÓRIA DA CONQUISTA,MDB,SUPLENTE,20,16003.6,17160.0,800.1800000000001
58,27159,FLAVIANE QUEIROZ SANTOS,FLAVIA QUEIROZ,PRESIDENTE DUTRA,PSB,SUPLENTE,1,800.0,800.0,800.0
59,252,BRENA FREIRE SILVA TEIXEIRA,BRENA FREIRE,ITUAÇU,PSL,NÃO ELEITO,1,800.0,1425.0,800.0
60,36851,JOEDILSON BATISTA FERREIRA DA SILVA,JOEDILSON DA VILA,IRECÊ,PP,NÃO ELEITO,2,1600.0,0.0,800.0
61,24039,MARIA DA GLORIA GOMES DA SILVA,GLORINHA DO SÍTIO,SANTO ESTEVÃO,PSD,SUPLENTE,4,3174.9999999999995,3175.0,793.7499999999999
62,12970,SIMONE CELESTINO DE JESUS,CAMARADA SIMONE,CANDEIAS,PC do B,NÃO ELEITO,14,11000.0,11849.83,785.7142857142857
63,17576,MARIA IÊDA VIEIRA DA SILVA,IÊDA,SERRINHA,PSC,NÃO ELEITO,1,780.0,780.0,780.0
64,17571,DULCINARA OLIVEIRA MOTA,DUCY DE NININHO DO FUMO,SERRINHA,PSC,NÃO ELEITO,1,780.0,780.0,780.0
65,28678,JOSÉ MARIA NEVES PEREIRA,DEDEZINHO,BRUMADO,PT,SUPLENTE,1,771.0,771.0,771.0
66,33127,ANGELICA SANTOS VIANA,ANGELICA VIANA,CARDEAL DA SILVA,PSOL,NÃO ELEITO,1,762.15,762.15,762.15
67,5205,MARILENE BATISTA DA SILVA,MARILENE BATISTA,PAULO AFONSO,PT,NÃO ELEITO,1,760.0,2120.0,760.0
68,4684,ROSANA SANTOS LIMA,ROSE,ALAGOINHAS,PSOL,NÃO ELEITO,6,4552.85,9989.0,758.8083333333334
69,21847,IVANI DOS SANTOS ARAGÃO,IVANI DE NOVA BRASÍLIA,MUCURI,PSC,SUPLENTE,2,1500.0,2400.0,750.0
70,30789,RAFAELA MAGNAVITA FERRAZ,RAFAELA,BELO CAMPO,PL,SUPLENTE,10,7500.0,7500.0,750.0
71,10715,VERÔNICA SANTANA BATISTA,VERONICA BATISTA,LAURO DE FREITAS,PATRIOTA,SUPLENTE,8,6000.0,6000.0,750.0
72,33357,DORACI DA SILVA PIRES,DORA,SEABRA,PDT,NÃO ELEITO,2,1490.0,1203.0,745.0
73,9071,GILDETE BOMFIM DE SANTANA,GILDETE DETE,SÃO FRANCISCO DO CONDE,PT,SUPLENTE,4,2951.75,3392.0,737.9375
74,34932,DENILSA NUNES MODESTO ALMEIDA,DENISE MODESTO,CONDE,MDB,SUPLENTE,7,5031.389999999999,6035.39,718.7699999999999
75,26008,BETIO EVARISTO CONCEIÇAO CRUZ,BETIO EVARISTO,PARAMIRIM,PL,SUPLENTE,2,1400.0,2570.0,700.0
76,30913,RODRIGO RICARDO SILVA FERREIRA,RODRIGO CANELA,ITANHÉM,PT,NÃO ELEITO,7,4874.999999999999,5620.0,696.4285714285713
77,21160,AGENORA DOS SANTOS ROCHA,LORINHA SANTOS,CACULÉ,DEM,SUPLENTE,2,1365.0,3046.0,682.5
78,31578,CRISPINA ANDREA PINTO CARQUEIJA,PINA,ITAPARICA,DEM,NÃO ELEITO,3,2032.0,2032.0,677.3333333333334
79,12637,EVANILDO FRANCISCO DE OLIVEIRA,DEGUINHA DE FULOR,IBIPITANGA,PT,NÃO ELEITO,2,1350.0,1350.0,675.0
80,14061,PAULO ROBERTO ANDRADE DOS SANTOS JUNIOR,PAULO,ILHÉUS,PP,SUPLENTE,3,2000.0,2000.0,666.6666666666666
81,10347,MARIA LUIZA ALMEIDA SOUZA,MARIA LUIZA,ARAÇÁS,PT,SUPLENTE,3,1999.0,1999.0,666.3333333333334
82,34017,ROSIANE DOS SANTOS SILVA,ROSIANE DOS SANTOS SILVA,VÁRZEA DA ROÇA,PSB,NÃO ELEITO,24,15947.999999999998,16020.0,664.4999999999999
83,643,DELVANDA PEREIRA DOS SANTOS,VANDINHA DE PEREIRA,MALHADA DE PEDRAS,PSD,SUPLENTE,11,7303.66,11000.0,663.9690909090909
84,5774,JISELE DE SOUZA SANTOS SILVA,JISELE SILVA,MACAÚBAS,PSD,SUPLENTE,6,3966.03,3966.67,661.005
85,22452,MERILIN PEREIRA BARBOSA,CHEIRINHO DE BANDEIRA,UTINGA,PT,SUPLENTE,1,660.0,920.0,660.0
86,31800,ANA CRISTINA SANCHO ALVES,ANA SANSHO,CACHOEIRA,PP,SUPLENTE,3,1980.0,1980.0,660.0
87,15506,MARIA OFELIA NOVAES,OFELIA,UTINGA,PSDB,SUPLENTE,1,660.0,920.0,660.0
88,33094,JOÃO PEREIRA FRAGA,JOÃO DE FRAGUINHA,MURITIBA,PSL,NÃO ELEITO,15,9760.0,10000.0,650.6666666666666
89,18231,LUZINETE SANTOS DE JESUS,LUZINETE,JEQUIÉ,PSOL,NÃO ELEITO,1,642.74,742.74,642.74
90,27660,DAMARES LIMA DA CRUZ SANTOS,DANDA FLOR DE LIS,CATU,PP,NÃO ELEITO,4,2548.0,2721.8199999999997,637.0
91,14471,ANTONIO COSME DE OLIVEIRA SOUZA,IRMÃO ANTONIO ,FEIRA DE SANTANA,PSL,NÃO ELEITO,16,10000.0,10000.0,625.0
92,15113,ZILAMAR PIOL,ZILAMAR PIOL,NOVA VIÇOSA,PSL,NÃO ELEITO,24,14999.999999999998,15000.0,624.9999999999999
93,27076,AUDINEIA GONÇALVES DA SILVA,NÉIA DA ESPLANADA,SÃO GABRIEL,PT,SUPLENTE,2,1246.5,1346.5,623.25
94,8663,MARIA ZILMA BEZERRA DE ALMEIDA,ZILMA,LAPÃO,PP,SUPLENTE,2,1240.9,0.0,620.45
95,2696,ARIANA VIEIRA MATOS,ARIANA MATOS,LAPÃO,DEM,SUPLENTE,2,1240.9,0.0,620.45
96,2703,MARIA DOLORES CARVALHO DE SOUZA NUNES,MARIA DOLORES,LAPÃO,DEM,SUPLENTE,2,1240.9,0.0,620.45
97,9056,ANA LUCIA DE JESUS BISPO,ANA BISPO,SÃO FRANCISCO DO CONDE,PT,SUPLENTE,8,4961.9,5400.0,620.2375
98,895,ANA LUCIA CERQUEIRA SERAPIÃO,ANA SERAPIÃO,SALVADOR,AVANTE,SUPLENTE,36,22140.949999999997,22500.0,615.0263888888888
99,9977,THIAGO DOS SANTOS CRUZ,THIAGO CRUZ,SÁTIRO DIAS,PT,NÃO ELEITO,1,610.0,610.0,610.0
100,36872,AMANDA DOS  SANTOS DIAS,AMANDA DIAS,ENTRE RIOS,REDE,NÃO ELEITO,3,1827.65,1827.65,609.2166666666667
101,12085,MARIA NETA GONÇALVES DE JESUS,MARIA NETA,LENÇÓIS,PSB,SUPLENTE,2,1210.0,1210.0,605.0
102,10970,VALDA CALIXTO TEIXEIRA,VALDA CALIXTO,LAURO DE FREITAS,PSDB,SUPLENTE,1,602.5,0.0,602.5
103,14288,MARIA MARTA CHAVES SANTOS SANTANA,PROFESSORA MARTA,NOVA REDENÇÃO,REDE,NÃO ELEITO,7,4200.0,4200.0,600.0
104,9265,LEILIANE CARLA ALVES DE BRITO,LEILA CARLA,CANDIBA,REPUBLICANOS,SUPLENTE,1,600.0,600.0,600.0
105,14554,MARIA RAIMUNDA SANTOS DE QUEIROZ,MARIA RAIMUNDA,BUERAREMA,PSDB,SUPLENTE,1,600.0,600.0,600.0
106,10369,CARLA RAMOS SILVA,CARLA RAMOS,BOTUPORÃ,PP,SUPLENTE,5,2967.199999999999,3767.2,593.4399999999998
107,9018,MARIA DA LUZ LIMA NUNES,DA LUZ,SÃO FRANCISCO DO CONDE,PSB,SUPLENTE,6,3554.9,6385.299999999999,592.4833333333333
108,24376,MARIA EDINOLIA DA SILVA ARAUJO,NOLIA SILVA,VALENTE,SOLIDARIEDADE,NÃO ELEITO,17,10000.0,10000.0,588.2352941176471
109,14910,CRISTIANE LINO DOS SANTOS,CRISTIANE DE BOGUÉ,ITAGIBÁ,PDT,NÃO ELEITO,6,3500.0,3500.0,583.3333333333334
110,838,IÊDA MAIA DE ALMEIDA,IÊDA ALMEIDA,SALVADOR,AVANTE,SUPLENTE,39,22458.300000000003,22500.0,575.8538461538462
111,26097,APARECIDO DOS SANTOS,CIDO DA RECICLAGEM,URANDI,PT,NÃO ELEITO,1,568.32,1068.32,568.32
112,22398,ALIONAI BATISTA DE SOUZA,PATETA DO POVO,CAMAÇARI,PATRIOTA,NÃO ELEITO,88,49973.149999999994,50470.0,567.8767045454545
113,834,ISABEL CRISTINA COUTINHO DO ESPIRITO SANTO,ISABEL CRISTINA,SALVADOR,AVANTE,SUPLENTE,40,22499.65,22500.0,562.49125
114,15625,ADEMÁRIO ANDRADE DE OLIVEIRA,ADEMARIO DA AMBULÂNCIA,BOM JESUS DA SERRA,PP,SUPLENTE,1,560.35,2790.35,560.35
115,8844,JACIRA PEREIRA DE OLIVEIRA,JACIRA DE GUIO,ITAPEBI,PODE,SUPLENTE,9,5000.0,5000.0,555.5555555555555
116,6950,INÊS CARDOSO CARVALHAL SANTOS,BINHA,SALVADOR,MDB,SUPLENTE,9,5000.0,10769.23,555.5555555555555
117,9226,ZULEIDE MINEIRO DOS SANTOS,DUDU,RIO DE CONTAS,PSD,SUPLENTE,22,12133.0,14305.0,551.5
118,16445,LUCIDALVA MARIA RIBEIRO,LÚ RIBEIRO,GUANAMBI,PSD,SUPLENTE,66,36392.43000000001,37658.0,551.4004545454546
119,2474,LUCILENE BISPO OLIVEIRA,CILENE DE BATOQUE,ARACI,PDT,SUPLENTE,3,1650.0,1650.0,550.0
120,17875,MARIA DO CARMO ROSA DE JESUS SOUSA,MARIA DA PONTE VELHA,CORRENTINA,AVANTE,SUPLENTE,1,542.25,3442.25,542.25
121,34852,MARIA SALVADORA DAS NEVES,SALVADORA,RIACHO DE SANTANA,PSD,SUPLENTE,22,11859.98,12160.0,539.09
122,24374,MANOEL DA CUNHA OLIVEIRA,MANOEL DE JUVILO,VALENTE,SOLIDARIEDADE,NÃO ELEITO,15,8000.0,8000.0,533.3333333333334
123,27170,DIAGNA PEREIRA DE OLIVEIRA,DIAGNA,IRECÊ,PSOL,NÃO ELEITO,6,3181.35,3398.49,530.225
124,31458,CLEMILDES DA SILVA,CLEMILDES,ALAGOINHAS,PODE,NÃO ELEITO,57,29900.0,30228.0,524.561403508772
125,22406,MARIA DA PAIXÃO DOS SANTOS,PAIXÃO,CAMAÇARI,PATRIOTA,NÃO ELEITO,12,6249.999999999997,7732.5,520.8333333333331
126,1204,ELIZABETE NOVAES SILVA,BETY NOVAES,JUSSIAPE,PSB,SUPLENTE,1,520.0,1540.0,520.0
127,25305,MARIA BENTILA DOS SANTOS,BENTA NEGO DO MATO,ENTRE RIOS,PSOL,NÃO ELEITO,6,3058.19,4588.1900000000005,509.6983333333333
128,29594,ELISABETE PINHEIRO CRUZ,BETE DE JOÃO RAPOZA,IPECAETÁ,PSD,SUPLENTE,1,500.0,500.0,500.0
129,29514,ADNETE ALVES DE SOUZA,NETE DE SAPO,IPECAETÁ,PP,SUPLENTE,1,500.0,500.0,500.0
130,9966,ALEXANDRE FABRICIO DE ALMEIDA MARTINS,ALEXANDRE DA HONRA,SOBRADINHO,SOLIDARIEDADE,NÃO ELEITO,2,1000.0,1000.0,500.0
131,36445,VERA LUCIA MARCAL,VERA PIVETINHA,JEQUIÉ,PSD,SUPLENTE,2,1000.0,1000.0,500.0
132,9296,NAYARA GOMES DE SÁ,NAYARA GOMES,PAULO AFONSO,PSL,NÃO ELEITO,2,1000.0,1550.0,500.0
133,35074,ANA LÚCIA LIMA ALMEIDA,LUCIA DO HOSCA,SERRINHA,DC,NÃO ELEITO,1,500.0,0.0,500.0
134,29142,ELIS MÁRCIA DOS SANTOS PIMENTEL,ELIMARCIA,ITAMBÉ,DC,NÃO ELEITO,2,1000.0,1000.0,500.0
135,26351,HERMENEGILDO DOMINGOS DOS SANTOS FILHO,HERMENEGILDO FILHO,ITABUNA,PMN,SUPLENTE,3,1500.0,1500.0,500.0
136,32881,NATALÍ ALVES RAMOS,NATALÍ ALVES,ÁGUA FRIA,REPUBLICANOS,NÃO ELEITO,4,1999.65,2055.1,499.9125
137,5767,NOELE DA MATA SOUSA,ROSA SOUSA,MACAÚBAS,PSD,SUPLENTE,8,3966.66,3966.67,495.8325
138,28209,MARIA DAS GRAÇAS LEAL SILVA GRANCHEUX BARBOSA,GAL GRANCHEUX,CANAVIEIRAS,PSL,NÃO ELEITO,42,20400.0,20535.48,485.7142857142857
139,14700,VANDILSON GONÇALVES TEIXEIRA,VANDILSON,GUANAMBI,REPUBLICANOS,NÃO ELEITO,2,970.0,970.0,485.0
140,36876,ANA JULIA MARIA DA SILVA BARBOSA,ROSA MARIA LUXEMBURGO,JUAZEIRO,PSOL,NÃO ELEITO,33,15856.24,16226.36,480.4921212121212
141,22712,SOLANGE DA SILVA DE JESUS,SOLANGE,CAMPO ALEGRE DE LOURDES,PT,SUPLENTE,8,3828.14,3828.14,478.5175
142,24733,LUCIENE PORTO SANTOS ARAUJO,LUCIENE PORTO NORA DE SALU,SEBASTIÃO LARANJEIRAS,PSB,SUPLENTE,7,3325.0,3325.0,475.0
143,12187,MARCIA SOLANGE MESSIAS DA SILVA,MARCIA,LAPÃO,PC do B,SUPLENTE,5,2370.0,2370.0,474.0
144,17727,DEISE CONRADO SOUZA,DEISE,ARAÇÁS,PODE,SUPLENTE,4,1895.0,2000.0,473.75
145,24375,JUSSARA SANTOS DE SOUZA,SARA SOUZA,VALENTE,SOLIDARIEDADE,NÃO ELEITO,23,10800.0,10820.46,469.5652173913044
146,14854,JOELMA SANTANA DE CASTRO,JOELMA,RIBEIRA DO POMBAL,PL,SUPLENTE,21,9855.0,17000.0,469.2857142857143
147,6316,POLIANA FERNANDES DOS SANTOS,POLY FERNANDES,LAFAIETE COUTINHO,PSD,SUPLENTE,2,922.3,922.3,461.15
148,29116,ELZA RODRIGUES DA SILVA,DONA ELZA,BRUMADO,PP,SUPLENTE,11,4999.210000000001,5000.0,454.47363636363644
149,24589,ALINE SANTOS ROCHA,ALINE ROCHA,ITARANTIM,PP,SUPLENTE,22,9989.449999999999,10150.0,454.06590909090903
150,31930,GISELE BISPO DE LIMA,GISELE,ÁGUA FRIA,PSB,SUPLENTE,1,450.0,450.0,450.0
151,6325,NADIA CARDOSO DOS SANTOS,NADIA CARDOSO,LAFAIETE COUTINHO,PSD,SUPLENTE,2,900.0,900.0,450.0
152,20531,GELCIA DOS ANJOS LEITE,GELCIA DO JACINTO,BREJOLÂNDIA,PL,SUPLENTE,1,450.0,450.0,450.0
153,20526,EDELZITA DOMINGOS DOS PASSOS,DELZITA,BREJOLÂNDIA,PL,SUPLENTE,1,450.0,450.0,450.0
154,13684,RIVAILTON PINTO VELOSO DA SILVA,RIVAILTON,SALVADOR,PTC,NÃO ELEITO,445,199814.0,200000.0,449.0202247191011
155,14728,MARILUCI TRINDADE DA SILVA,LÚCIA DO MONTE AZUL,GUANAMBI,PSDB,SUPLENTE,3,1320.85,1320.85,440.2833333333333
156,37,CREUZA DE JESUS LISBOA DA CRUZ,CREUZA GARI,IBIRAPUÃ,PTC,SUPLENTE,5,2200.0,2200.0,440.0
157,12249,ENIZALDIR BATISTA DE SOUSA,BIU DE DARINHO,NOVA REDENÇÃO,PC do B,NÃO ELEITO,3,1310.0,320.0,436.6666666666667
158,33759,ANA MEIRE DA PAIXÃO NOVAES,MEIRE NOVAES,SEABRA,REPUBLICANOS,SUPLENTE,3,1300.0,1303.0,433.3333333333333
159,10309,FLORIVAL DOS SANTOS DE JESUS JUNIOR,PISCA,ARAÇÁS,PSD,SUPLENTE,3,1286.45,2000.0,428.81666666666666
160,8956,NEVOLANDA MARTINS MARQUES DOS SANTOS,NEVOLANDA,IBITITÁ,PT,NÃO ELEITO,9,3850.0,3850.0,427.77777777777777
161,10704,VIVIANE DA SILVA BARRETO SALES,VIVIANE FOTOGRAFA,LAURO DE FREITAS,PATRIOTA,SUPLENTE,14,5980.0,6000.0,427.14285714285717
162,33821,LAUDELINO ALVES DE ARAUJO,LAUDELINO DO MOVIMENTO NEGRO,NOVA VIÇOSA,PT,NÃO ELEITO,2,850.0,850.0,425.0
163,19801,SINOVALDO PEREIRA DOS SANTOS,FOFAO,FEIRA DA MATA,PSD,SUPLENTE,4,1695.0,1705.1,423.75
164,4653,HELBER LEJUNO CARDOSO DE ARAUJO,IRMAO HELBER,CANSANÇÃO,PL,SUPLENTE,2,843.0,843.0,421.5
165,17854,MARA RÚBIA SAMPAIO ROCHA,MARA RÚBIA,CORRENTINA,PC do B,SUPLENTE,20,8410.5,8410.5,420.525
166,12992,MARIA ISABEL MOREIRA HILLING,PROFESSORA ISABEL,CANDEIAS,AVANTE,SUPLENTE,12,5000.0,5032.0,416.6666666666667
167,29124,CARDÊNIA NÚBIA NOGUEIRA MOREIRA,CARDÊNIA MOREIRA,BRUMADO,PP,SUPLENTE,12,5000.0,5000.0,416.6666666666667
168,5687,ROSANGELA AMORIM SANTOS,ROSA AMORIM,VITÓRIA DA CONQUISTA,PC do B,SUPLENTE,81,33485.85,37086.53,413.40555555555557
169,2477,MARIA REGINA FERREIRA MOTA,REGINA DE BERRO GROSSO,ARACI,PDT,SUPLENTE,4,1650.0,1650.0,412.5
170,29133,ANA MESSIAS DA SILVA,ANA MESSIAS ,BRUMADO,PP,SUPLENTE,17,7000.0,7000.0,411.7647058823529
171,22548,KEDMA CRISTIANE DIAS DA SILVA,GALEGA,CAMPO ALEGRE DE LOURDES,PC do B,SUPLENTE,9,3704.25,3704.25,411.5833333333333
172,886,LIDIANE MARIA MOREIRA DOS SANTOS,MISSIONÁRIA LIDIANE,SALVADOR,AVANTE,SUPLENTE,28,11324.5,27500.0,404.44642857142856
173,36835,ROQUE MACHADO NASCIMENTO,ROQUE MACHADO,JAGUAQUARA,REPUBLICANOS,SUPLENTE,3,1204.52,1204.52,401.50666666666666
174,20315,ELIZABETH FERREIRA DA CRUZ,BETH DE SANTA RITA,ITANHÉM,PSD,SUPLENTE,5,2000.0,2258.0,400.0
175,13194,ZILMAURELIA DE SOUSA BEZERRA,ZIL BEZERRA,BARREIRAS,AVANTE,SUPLENTE,20,8000.0,9104.0,400.0
176,8397,ROSANGELA CORDEIRO DOS SANTOS,NINA DO PEROVAZ,SALVADOR,CIDADANIA,SUPLENTE,15,6000.0,16248.64,400.0
177,12761,TATIANA ARAÚJO DE OLIVEIRA,TATY ARAÚJO,IRAJUBA,DEM,SUPLENTE,1,400.0,411.05,400.0
178,21566,JOSÉ ROBERTO DA SILVA,ROBERTO DO BUQUEIRÃO,ICHU,PSD,SUPLENTE,1,400.0,550.0,400.0
179,36848,GILSOMAR SILVA SANTOS,WEX SILVA,IRECÊ,PP,NÃO ELEITO,4,1600.0,0.0,400.0
180,30794,DAURA DOS SANTOS OLIVEIRA,DARIA,BELO CAMPO,PL,SUPLENTE,19,7500.0,7500.0,394.7368421052632
181,17739,UBALDINO DOS SANTOS FILHO,UBALDINO,ARAÇÁS,PODE,SUPLENTE,5,1970.0,2000.0,394.0
182,8409,JOSELIA FERREIRA DA SILVA,JOSELIA FERREIRA,SALVADOR,CIDADANIA,SUPLENTE,13,5000.0,13208.64,384.61538461538464
183,1486,BRUNO SILVA RANGEL,DR BRUNO DENTISTA,IBIRAPUÃ,PP,SUPLENTE,16,6144.45,6897.49,384.028125
184,13717,LUCIDALVA MANAIA DA SILVA DE JESUS,TIA LU,SALVADOR,PTC,NÃO ELEITO,10,3830.0,3913.0,383.0
185,23917,JOSE CARLOS SEVERO,CARLOS BOIADEIRO,MUCURI,MDB,NÃO ELEITO,4,1516.85,1816.85,379.2125
186,4979,LEILA DO NASCIMENTO DE SOUZA,LEILA NASCIMENTO,CRISTÓPOLIS,PSD,SUPLENTE,9,3394.0,3774.4,377.1111111111111
187,13210,JAIRES ESCOBAR DE SANTANA,JAIRES ESCOBAR,BARREIRAS,AVANTE,SUPLENTE,61,23000.0,23954.0,377.04918032786884
188,35725,MARIA IVONETE DE SOUSA BISPO,MARIA PIRIQUITA,PORTO SEGURO,PC do B,SUPLENTE,8,3000.0,4028.0,375.0
189,23007,ANSELMO RODRIGUES DA COSTA,ANSELMO COSTA,LAURO DE FREITAS,PSB,NÃO ELEITO,4,1500.0,2576.92,375.0
190,19625,SUZE ARLETE PEREIRA SILVA,SUZE DE PEQUENO CIGANO,FEIRA DA MATA,PSDB,SUPLENTE,5,1865.0,0.0,373.0
191,9072,JANDESON BARRETO DOS REIS,JANDESON BARRETO,SÃO FRANCISCO DO CONDE,PT,SUPLENTE,8,2983.8,2492.0,372.975
192,23374,JAILTON BEZERRA DA SILVA,PITTER DO CARRO DE SOM,PIRITIBA,MDB,SUPLENTE,1,370.0,370.0,370.0
193,35262,GUTEMBERG DA SILVA MARINS,GUTTO DOS CAIAQUES,GLÓRIA,PODE,SUPLENTE,1,370.0,1000.0,370.0
194,17029,EDNA REGINA DOS ANJOS PASSOS GOMES,EDNA DE TIZIL,MIGUEL CALMON,SOLIDARIEDADE,SUPLENTE,14,5179.65,6714.65,369.97499999999997
195,9070,EMILIANA BOMFIM,LIA BOMFIM,SÃO FRANCISCO DO CONDE,PT,SUPLENTE,8,2951.75,3390.0,368.96875
196,22308,LUCIENE FERREIRA DOS SANTOS,LUCIENE SANTOS,CAMAÇARI,PC do B,NÃO ELEITO,87,32067.649999999998,33420.0,368.5936781609195
197,17720,SIMONE SILVA DOURADO ARAÚJO,SIMONE DOURADO,CORRENTINA,PODE,SUPLENTE,20,7365.5,7365.5,368.275
198,33370,CLAUDIO MEIRA DE OLIVEIRA,CLAUDINHO,CAFARNAUM,PC do B,SUPLENTE,3,1100.0,200.0,366.6666666666667
199,27146,JOSÉ CARLOS BARBOSA DOS REIS,CARLINHOS REIS,SÃO GABRIEL,PSB,SUPLENTE,3,1100.0,100.0,366.6666666666667
200,19973,JEAN MAGALHÃES MARTINS,JEAN MAGALHÃES,CANDIBA,MDB,NÃO ELEITO,3,1100.0,2040.0,366.6666666666667
201,28152,ELZITA SANTOS DA SILVA,EUZITA,PARAMIRIM,PSD,SUPLENTE,4,1460.35,1460.35,365.0875
202,31828,TEREZA CRISTINA LIMA SANTOS,TEREZA CRISTINA,ITAMBÉ,PV,NÃO ELEITO,2,728.0,878.0,364.0
203,15837,SIDINEI MARCOS DE JESUS CURCINO,MARCÃO DO POVO,BOQUIRA,PL,SUPLENTE,11,4000.0,4000.0,363.6363636363636
204,2322,LUIS CLAUDIO SANTOS SILVA,LUIS CLAUDIO CONCHAVO,SALVADOR,PV,SUPLENTE,8,2900.0,3000.0,362.5
205,3507,DANIELA VITORIA DE OLIVEIRA,DANIELA,FEIRA DE SANTANA,PC do B,NÃO ELEITO,3,1070.0,2238.18,356.6666666666667
206,4475,MARCELO LUZ PASSOS,MARCELO PASSOS,CAIRU,PC do B,NÃO ELEITO,3,1062.0,1662.0,354.0
207,4045,EDINETE PEREIRA DE JESUS BARBOSA,EDINETE,TAPIRAMUTÁ,PP,SUPLENTE,17,6000.0,6000.0,352.94117647058823
208,30216,DAIANE CAROLINE SANTANA,DAIANE SANTANA,CIPÓ,PSD,NÃO ELEITO,1,350.08000000000004,0.0,350.08000000000004
209,26392,JESSICA MONTEIRO DE MAGALHAES,JESSICA MAGALHAES,CORRENTINA,PSD,SUPLENTE,4,1400.0,1400.0,350.0
210,26396,MARIA APARECIDA BARBOSA DA SILVA,CIDA DE DONA EDITE,CORRENTINA,PSD,SUPLENTE,4,1400.0,1400.0,350.0
211,5429,HELENA CRISTINA POSENER DE ANDRADE,DRA HELENA POSENER,LAURO DE FREITAS,PSD,SUPLENTE,43,15000.0,18877.5,348.83720930232556
212,29278,ANA CAROLINA RODRIGUES DE OLIVEIRA,CAROL,ITUAÇU,PSD,SUPLENTE,3,1045.0,0.0,348.3333333333333
213,28957,CLEIDE DE SOUZA AGUIAR,CLEIDE,ITUAÇU,PDT,NÃO ELEITO,3,1045.0,0.0,348.3333333333333
214,33551,NOELDA FERNANDES DA SILVA ALVES,NOELDA DA CANABRAVA,FORMOSA DO RIO PRETO,PSC,NÃO ELEITO,3,1043.9,1043.9,347.9666666666667
215,18942,JOÃO MARTINS CERQUEIRA FILHO,JOÃO DE JONGA,CORAÇÃO DE MARIA,PTB,NÃO ELEITO,46,15951.0,16200.0,346.7608695652174
216,19014,JESSICA ALVES DA COSTA,JESSICA ALVES,SENHOR DO BONFIM,DEM,SUPLENTE,58,20000.0,20000.0,344.82758620689657
217,21228,ANDRELITA MATOS DA SILVA,DÉA DO COQUEIRO,CAMAMU,REDE,SUPLENTE,29,10000.0,10000.0,344.82758620689657
218,9142,CLEDIANA DIAS DOS SANTOS,CLEDIANA,PLANALTO,PP,SUPLENTE,29,10000.0,10000.0,344.82758620689657
219,35039,DOMINGOS FRANCISCO OLIVEIRA NETO,OLIVEIRA GENRO DO DR MOISES,TUCANO,PC do B,NÃO ELEITO,5,1715.0,1774.58,343.0
220,14727,IVANIE SANTANA FERNANDES,IVANIE SANTANA,GUANAMBI,PSDB,SUPLENTE,7,2400.0,2400.0,342.85714285714283
221,13839,CALIANA MESQUITA NOGUEIRA,CALIANA MESQUITA,ILHÉUS,PTB,SUPLENTE,88,29910.000000000007,29910.0,339.88636363636374
222,16774,LIVANA MARIA RIBEIRO FONTES,LIVANA FONTES,ITABUNA,PSL,SUPLENTE,109,36973.9,37000.0,339.2100917431193
223,19791,VANILDA VIEIRA DE SOUZA,VANILDA VIEIRA,FEIRA DA MATA,PSD,SUPLENTE,5,1695.0,1716.15,339.0
224,2465,MARIA CAROLINA DUARTE,CAROL,ARACI,PDT,SUPLENTE,5,1694.2,1704.0,338.84000000000003
225,32917,AMANDA MURIEL LIMA SANTOS GOMES,AMANDA,WENCESLAU GUIMARÃES,DEM,SUPLENTE,1,337.5,351.5,337.5
226,32913,DEJANE PAULINO DE SOUZA,DEJANE,WENCESLAU GUIMARÃES,DEM,SUPLENTE,1,337.5,352.0,337.5
227,32919,LUANA CARVALHO MENEZES,LUANA DE CABEÇA,WENCESLAU GUIMARÃES,DEM,SUPLENTE,1,337.5,351.5,337.5
228,24635,CAROLINE SANTANA DE JESUS,CAROL DE NILZA,WENCESLAU GUIMARÃES,PSB,SUPLENTE,1,337.5,351.5,337.5
229,36965,ELIANA SANTOS DA SILVA,ELIANA,PAU BRASIL,REDE,SUPLENTE,8,2700.0,2500.0,337.5
230,3065,REGILANIA FARIAS,REGILANIA ESPOSA DE SALATIEL,PEDRO ALEXANDRE,PP,SUPLENTE,15,5025.25,5026.0,335.01666666666665
231,17744,LEONARDO RIBEIRO DOS SANTOS,LÉO DO GÁS,ARAÇÁS,AVANTE,NÃO ELEITO,6,2000.35,2000.35,333.39166666666665
232,28411,ÉLIDA FÁTIMA PEREIRA SANTOS,ÉLIDA DE EVALDO,ÉRICO CARDOSO,REPUBLICANOS,SUPLENTE,3,1000.0,1000.0,333.3333333333333
233,36414,ROSALVA MARIA LINS DOS SANTOS,ROSA,BONINAL,REDE,SUPLENTE,3,1000.0,1000.0,333.3333333333333
234,20748,ALOISIO DE JESUS,ALOISIO IRMAO DE DOIS MIL,ESPLANADA,PODE,SUPLENTE,12,4000.0,5620.0,333.3333333333333
235,13007,JOSE ROBERTO DOS SANTOS,KONFU CADEIRANTE,CANDEIAS,AVANTE,SUPLENTE,12,4000.0,4000.0,333.3333333333333
236,18235,IVANETE TIGRE DE JESUS SILVA,NETA,CÂNDIDO SALES,PTB,NÃO ELEITO,5,1664.0,1664.0,332.8
237,882,NILDES GONÇALVES CONCEIÇÃO,TUTUA,SALVADOR,AVANTE,SUPLENTE,83,27500.0,27500.0,331.32530120481925
238,19660,CÉLIA SANTOS GOMES NOGUEIRA CAIRES,CÉLIA SANTOS,CAETITÉ,PSD,SUPLENTE,57,18871.7,20525.0,331.08245614035087
239,23066,MARIA DA PAZ SANTANA,MARIA DA PAZ,BOM JESUS DA LAPA,PT,SUPLENTE,6,1985.0,1985.0,330.8333333333333
240,15436,ARIVALDO DE OLIVEIRA CORTES,ARY,UTINGA,PSB,SUPLENTE,2,660.0,1811.95,330.0
241,12716,GILVAN SILVA SANTOS,PROFESSOR GILVAN,SÃO FRANCISCO DO CONDE,PP,SUPLENTE,9,2959.0,4280.0,328.77777777777777
242,27174,IVONE DA SILVA COELHO,VONE,ALMADINA,PROS,SUPLENTE,3,980.35,1380.0,326.78333333333336
243,7852,ANA IRES CORDEIRO DE BRITO,ANA IRES,CANDEAL,PT,SUPLENTE,2,650.0,650.0,325.0
244,28524,VERONICA SANTOS COSTA,VERÔNICA DE ESTEVAM,RIBEIRÃO DO LARGO,PTB,SUPLENTE,3,966.95,1000.0,322.31666666666666
245,12097,EUNICE ROSA DA SILVA SANTOS,EUNICE ,CAETITÉ,PT,SUPLENTE,4,1274.12,1274.12,318.53
246,13394,MARCOS ROBERTO DE CARVALHO MENDES,MARCOS DE DADÁ,ANTÔNIO CARDOSO,PSD,SUPLENTE,1,315.0,315.0,315.0
247,8008,JAIR MARQUES DE MELO,PADRE JAIR,MUCUGÊ,DEM,SUPLENTE,2,626.4,696.9399999999999,313.2
248,32062,LEILMA DA SILVA SANTOS,LEILMA FERREIRA,JAGUARARI,PP,SUPLENTE,2,620.0,620.0,310.0
249,10716,DAIANE OLIVEIRA LIMA,DAIANE LIMA,LAURO DE FREITAS,PATRIOTA,SUPLENTE,19,5873.149999999999,6000.0,309.1131578947368
250,31899,NEIDE REGINA VIANA ROCHA,IRMÃ REGINA,CARAÍBAS,PT,SUPLENTE,3,924.0,1376.0,308.0
251,335,ROSELEITA DE OLIVEIRA BRITO,ROSELEITA DE OCRECIO,MAETINGA,PL,SUPLENTE,3,923.6499999999999,2000.0,307.88333333333327
252,6328,ELIENE OLIVEIRA LIMA,NÊGA LILA,LAFAIETE COUTINHO,PSD,SUPLENTE,3,922.3,922.3,307.43333333333334
253,27592,SELMA QUINTO DOS SANTOS,SELMA QUINTO,COARACI,PL,SUPLENTE,20,6126.0,6115.0,306.3
254,6934,EDNA SANTOS REIS,TIA EDNA,SALVADOR,MDB,SUPLENTE,16,4900.0,14102.56,306.25
255,3958,BIANCA DE JESUS BRITO,BIANCA BRITO,VALENÇA,REPUBLICANOS,NÃO ELEITO,1,305.15,1122.54,305.15
256,32807,GERALDO GOMES DA SILVA,GERALDO DE ELCIMAR,LENÇÓIS,PL,SUPLENTE,4,1210.0,1210.0,302.5
257,20568,GLEICE NASCIMENTO BARBOSA,GLEICE,MUCURI,DEM,SUPLENTE,1,300.0,1005.0,300.0
258,35633,JOANA DARQUE SILVA DE LUNA,JOJO LUNA,ITACARÉ,PSC,NÃO ELEITO,5,1500.0,1620.0,300.0
259,14604,RITA DE CÁSSIA DE JESUS BATISTA ARAÚJO,RITA DE CASSIA,BUERAREMA,PROS,NÃO ELEITO,2,600.0,600.0,300.0
260,7189,MARIA DE LOURDES CORDEIRO DA SILVA,LÚ DE CONCEIÇÃO,NOVA FÁTIMA,SOLIDARIEDADE,SUPLENTE,12,3600.0,3600.0,300.0
261,5841,VANDETE ROSA DE MACEDO,DETE DE FIDELCINO,IBIPITANGA,PTB,NÃO ELEITO,4,1197.0,1200.0,299.25
262,31975,JOSEFA EULINA JESUS DOS SANTOS,EULINA,ANTAS,PSB,SUPLENTE,10,2980.0,3400.0,298.0
263,5989,FABIANA DA SILVA OLIVEIRA,FABIANA,IBIPITANGA,PSD,SUPLENTE,17,5040.0,5040.0,296.47058823529414
264,9057,IASMIN CAROLINE MEDEIROS XAVIER,IASMIN XAVIER,SÃO FRANCISCO DO CONDE,PT,SUPLENTE,10,2951.75,3362.0,295.175
265,795,MARIA OLIVEIRA DA CRUZ PEREIRA,MARIA OLIVEIRA,IBIPEBA,PSD,SUPLENTE,7,2060.0,2060.0,294.2857142857143
266,12991,DAMILES DE ALMEIDA SILVA,MILLE,CANDEIAS,AVANTE,SUPLENTE,17,5000.0,5000.0,294.11764705882354
267,34854,EDNALVA GOMES LARANJEIRA,BRANQUINHA DE SANTINHO,RIACHO DE SANTANA,PSD,SUPLENTE,38,11053.53,11354.0,290.88236842105266
268,7100,ELUANA DOS SANTOS BARROS,ELUANA,CANARANA,PSB,NÃO ELEITO,5,1449.0,0.0,289.8
269,6421,ERCIENE ARAUJO DA SILVA,JECIENE DO CANSANÇÃO,CANARANA,DEM,NÃO ELEITO,5,1449.0,0.0,289.8
270,5983,MARLI MATOS PEREIRA,MARLI DO ALVINOPOLIS,IBIPITANGA,PSD,SUPLENTE,18,5190.0,5190.0,288.3333333333333
271,12534,JOSÉ EDMUNDO DE OLIVEIRA SANTOS,EDMUNDO DO MURICI,SERRINHA,PSOL,NÃO ELEITO,3,858.0,858.0,286.0
272,28773,ROBSON DOS SANTOS,ROBINHO,CARDEAL DA SILVA,PSOL,NÃO ELEITO,8,2260.13,2260.13,282.51625
273,27148,ELEQUES SANDRA BATISTA NOVAES,SANDRINHA,SÃO GABRIEL,PSB,SUPLENTE,8,2250.0,1250.0,281.25
274,29304,ANDREA ROSA DOS SANTOS,ANDREA ROSA,PORTO SEGURO,PROS,SUPLENTE,34,9555.15,27188.0,281.03382352941173
275,35445,ABRAÃO ALVES DE SOUZA,ABRAÃO,SANTA MARIA DA VITÓRIA,PC do B,NÃO ELEITO,5,1390.0,1549.58,278.0
276,29145,CLAUDIA SANTOS ALMEIDA,CLAUDIA SANTOS,CAETANOS,PP,SUPLENTE,18,5000.0,6250.0,277.77777777777777
277,19693,ROBERTO JOSÉ DA SILVA,BETO SILVA,LIVRAMENTO DE NOSSA SENHORA,REDE,SUPLENTE,4,1110.45,1110.45,277.6125
278,2476,VIVIANE DA SILVA GUIMARAES CANA BRASIL REIS,VIVIANE,ARACI,PDT,SUPLENTE,6,1650.0,0.0,275.0
279,19496,MARIA LUIZA ROSA DE SOUZA,MARIA LUIZA,SEABRA,PC do B,SUPLENTE,5,1364.0,1483.17,272.8
280,35707,ELIENE COUTINHO DA SILVA,ELIENE COUTINHO,PORTO SEGURO,PC do B,SUPLENTE,11,3000.0,3000.0,272.72727272727275
281,31965,MARTA SOUZA DA MOTA,MARTA,ANTAS,PSB,SUPLENTE,11,2995.5,3400.0,272.3181818181818
282,10912,VIVIANA DA SILVA OKAMOTO,VIVIANA OKAMOTTO,LAURO DE FREITAS,PP,SUPLENTE,5,1357.6000000000001,1400.0,271.52000000000004
283,21949,LUANA SILVA AMURIM,LUANA ,IBICOARA,PL,SUPLENTE,1,270.0,270.0,270.0
284,2075,HORTENCIA MARIA COSTA MAGNAVITA,HORTENCIA,CANAVIEIRAS,PTC,NÃO ELEITO,2,540.0,1126.13,270.0
285,14843,ALLEQUISON BARUCK DOS REIS DUARTE,BARUCK DO DPVAT,RIBEIRA DO POMBAL,PL,SUPLENTE,14,3755.0,2500.0,268.2142857142857
286,8388,ELIEUSA SANTOS SARAIVA,ELIEUSA SARAIVA,ANAGÉ,PODE,NÃO ELEITO,9,2410.01,3410.01,267.7788888888889
287,1485,SIDINEI NEVES DE SOUZA,SIDNEI GARAPA,IBIRAPUÃ,PP,SUPLENTE,23,6144.45,6797.54,267.15
288,27393,RITA DE CASSIA MARQUES DOURADO,RITINHA DOURADO,IRECÊ,PT,SUPLENTE,19,5074.3,5827.9,267.0684210526316
289,31251,MÁRCIA DOURADO,MÁRCIA BOLSONARO,IRECÊ,DEM,NÃO ELEITO,6,1600.0,0.0,266.6666666666667
290,36849,ROSINALVA FERREIRA MENDES,TITA BRONZE,IRECÊ,PP,NÃO ELEITO,6,1600.0,0.0,266.6666666666667
291,36855,AIDA DOS SANTOS BARBOSA,AIDA,ITAPETINGA,PT,SUPLENTE,5,1328.0,2278.0,265.6
292,32861,JULIANE OLIVEIRA SANTANA,JULIANE SANTANA,VÁRZEA DA ROÇA,PT,SUPLENTE,29,7685.3899999999985,8785.39,265.013448275862
293,24445,IVANICE CATULA BARRETO,IVANICE,ANGICAL,AVANTE,SUPLENTE,3,795.0,800.0,265.0
294,5763,LUCIANA SANTOS OLIVEIRA,LUCIANA OLIVEIRA,MACAÚBAS,PSD,SUPLENTE,17,4481.67,4491.67,263.6276470588235
295,25773,BRUNO VINICIUS BRITO DE JESUS,BRUNO BRITO,CRAVOLÂNDIA,PP,SUPLENTE,19,5000.0,5220.0,263.1578947368421
296,9279,VALÉRIA DIAS DO SANTOS,VALÉRIA,FIRMINO ALVES,PSDB,NÃO ELEITO,1,262.95,262.95000000000005,262.95
297,10702,EMANUELA SILVA OLIVEIRA,MANU OLIVEIRA,LAURO DE FREITAS,PATRIOTA,SUPLENTE,23,5999.799999999999,6000.0,260.86086956521734
298,33741,MARLUIZA MATIAS RIBEIRO,LUIZA,SEABRA,REPUBLICANOS,SUPLENTE,5,1300.0,0.0,260.0
299,18177,LEIDIANE DA CRUZ BRITO,LEIDIANE,CRISTÓPOLIS,PODE,NÃO ELEITO,1,260.0,260.0,260.0
300,20250,ERIDAN PEREIRA OLIVEIRA,ERIDAN,NOVO TRIUNFO,PSC,SUPLENTE,7,1820.0,1500.0,260.0
301,9008,ADRIANO CÉSAR DE JESUS CONCEIÇÃO,ADRIANO CESAR,SÃO FRANCISCO DO CONDE,PSB,SUPLENTE,14,3624.85,4359.5,258.91785714285714
302,10249,JANETE MARIA DA SILVA,JANETE DO DAMASIO,SERRA DOURADA,PT,SUPLENTE,6,1550.0,1550.0,258.3333333333333
303,32,JOAO GOMES DE JESUS,MINEIRINHO DO SALGADO,IBIRAPUÃ,PTC,SUPLENTE,6,1550.0,1550.0,258.3333333333333
304,14723,DIENE MOREIRA DE SOUZA,DIENE MASSARANDUBA,GUANAMBI,PSDB,SUPLENTE,10,2550.0,2550.0,255.0
305,18831,HELDER FONSECA BRAGA,SAMARA BRAGA,ALAGOINHAS,PC do B,SUPLENTE,13,3290.0,3543.96,253.07692307692307
306,33829,RUBEM SANTOS RIBEIRO,RUBEM DO RECANTO,CONCEIÇÃO DA FEIRA,PSOL,NÃO ELEITO,9,2268.49,2770.42,252.0544444444444
307,33828,CARMEN LUCIA DA SILVA SANTOS,CARMEN ,CONCEIÇÃO DA FEIRA,PSOL,NÃO ELEITO,11,2769.0,3269.0,251.72727272727272
308,29060,ELIZEU DA SILVA CASTRO,ELIZEU,PORTO SEGURO,PSC,SUPLENTE,50,12523.0,13351.18,250.46
309,20348,LEILA SILVA SOUSA,LEILA,ITANHÉM,AVANTE,SUPLENTE,4,1000.0,145.0,250.0
310,15844,FRANCISCO MARQUES DE SOUZA,ENZO BAIANINHO DO FORRÓ,BOQUIRA,PL,SUPLENTE,16,4000.0,5537.5,250.0
311,18644,HELI CRISTINA RAIMUNDO,CRISTINA,PINDOBAÇU,PSB,NÃO ELEITO,4,1000.0,100.0,250.0
312,27744,LUCIA COSTA MOURA,LUCIA COSTA,EUNÁPOLIS,PSOL,NÃO ELEITO,12,3000.0,3969.0,250.0
313,11489,TAINARA FONTES OLIVEIRA,TAINARA,CONDE,PODE,SUPLENTE,1,250.0,0.0,250.0
314,20986,CREUMILDA MARIA DA SILVA SOUZA,CREMILDA ,ANDORINHA,PSC,SUPLENTE,4,1000.0,1450.0,250.0
315,29597,MARIA DA PAIXÃO GONÇALVES DE JESUS,MARIA DE ROQUE LEGAL,IPECAETÁ,PSD,SUPLENTE,2,500.0,500.0,250.0
316,18637,JAMILE ALVES DE ARAÚJO,JAMILE DA FUMAÇA,PINDOBAÇU,PSB,NÃO ELEITO,4,1000.0,100.0,250.0
317,2264,ABIMAEL DE SOUZA MONÇÃO JUNIOR VITORIA,PAI JUNIOR DE ERINLÉ,SALVADOR,PODE,SUPLENTE,20,5000.0,5000.0,250.0
318,32817,SANDRA SANTOS LARANJEIRA,SANDRA,LENÇÓIS,AVANTE,SUPLENTE,4,1000.0,360.0,250.0
319,4041,GEANE LIMA QUEIROZ DE JESUS,GEANE EDILEUSA,TAPIRAMUTÁ,PP,SUPLENTE,4,1000.0,1000.0,250.0
320,25539,MARILENE DIAS DE SOUZA,MARILENE SOUZA,ILHÉUS,PSB,SUPLENTE,8,2000.0,2282.5,250.0
321,28402,CRÉLIA LOPES XAVIER,CRÉLIA,ÉRICO CARDOSO,REPUBLICANOS,SUPLENTE,4,1000.0,1000.0,250.0
322,24373,JOCIVALDO ARAUJO SILVA,JOCI DA SAUDE,VALENTE,SOLIDARIEDADE,NÃO ELEITO,49,12200.0,12200.0,248.9795918367347
323,27394,WALDERVANDIÁ QUINTINO DE MIRANDA,NEGA DO BAIRRO SÃO FRANCISCO,IRECÊ,PT,SUPLENTE,20,4975.62,3876.72,248.781
324,12730,ANAILTON MASSAU DOS SANTOS,BIGODE DO MADRUGA,SÃO FRANCISCO DO CONDE,PP,SUPLENTE,12,2971.95,4291.95,247.6625
325,17024,REGIANE SOUZA BARBOSA,REGIANE,MIGUEL CALMON,SOLIDARIEDADE,SUPLENTE,21,5200.0,7100.0,247.61904761904762
326,7348,MICHELLE DE CASSIA FERREIRA DOS SANTOS,MICHELLE DE CASSIA,AMARGOSA,PSB,SUPLENTE,4,990.45,1000.0,247.6125
327,33081,ADELAIDE DOS SANTOS COSTA PEREIRA,ADELAIDE,TREMEDAL,REPUBLICANOS,NÃO ELEITO,4,990.0,1000.0,247.5
328,12327,ANA ANGELICA MOTA BRITO,PROFESSORA ANGELICA,BARROCAS,PT,SUPLENTE,21,5170.0,5230.58,246.1904761904762
329,17692,MARIVONE FERREIRA DAS NEVES,MARI DE TÓ,CORRENTINA,PDT,SUPLENTE,29,7130.35,7130.35,245.87413793103448
330,28145,SILVANO RODRIGUES DE LIMA,SILVANO BRANCO,PARAMIRIM,PSD,SUPLENTE,6,1475.0,1480.0,245.83333333333334
331,6773,MARIA INEZ MARTINS DE SOUZA,MARINEZ,BARRA DO MENDES,PDT,SUPLENTE,9,2180.0,2180.0,242.22222222222223
332,12093,JULIANA DE SOUZA LIMA,JULIANA,LENÇÓIS,PSB,SUPLENTE,5,1210.0,1210.0,242.0
333,836,BETÂNIA DE SOUZA REIS,BETA REIS,SALVADOR,AVANTE,SUPLENTE,155,37427.899999999994,37500.0,241.47032258064513
334,22584,EDLEUZA CONCEICAO DOS SANTOS,EDLEUZA SANCHS,CAMAÇARI,PSB,SUPLENTE,9,2170.0,2674.11,241.11111111111111
335,32864,VALDEMIR SANTOS OLIVEIRA,MI DA RECICLAGEM,VÁRZEA DA ROÇA,PT,SUPLENTE,9,2168.83,2350.0,240.9811111111111
336,33881,ALEXSANDRO RIBEIRO LIMA,ALEX DO ALTO DA ESTRELA,SEABRA,PSD,SUPLENTE,5,1200.0,0.0,240.0
337,678,EDUARDA SANTIAGO SOUZA LIMA,EDUARDA,PARATINGA,PT,SUPLENTE,10,2400.0,2400.0,240.0
338,2879,NIVALDO BELAU DA SILVA,NIVALDINHO,CANSANÇÃO,REPUBLICANOS,NÃO ELEITO,3,715.0,715.0,238.33333333333334
339,33826,CRISTINA DE JESUS SANTOS,TICA,CONCEIÇÃO DA FEIRA,PSOL,NÃO ELEITO,9,2144.6800000000003,2644.6800000000003,238.2977777777778
340,23777,JOSEFA LUCIA DOS SANTOS ROSARIO,LÚCIA DE FABINHO,HELIÓPOLIS,PSD,SUPLENTE,28,6667.5,12632.5,238.125
341,19455,THAMIRES SILVA FERNANDES,THAMIRES FERNANDES,BOTUPORÃ,PSD,SUPLENTE,9,2134.8,2134.8,237.20000000000002
342,875,VIVIAN DE ALMEIDA SANTANA,VIVIAN SANTANA,SALVADOR,AVANTE,SUPLENTE,116,27498.04,27500.0,237.05206896551724
343,28685,GILDEON RODRIGUES DOS SANTOS,GILDEON,BRUMADO,PT,SUPLENTE,9,2127.19,2131.1899999999996,236.35444444444445
344,35614,CARLOS EDUARDO SANTOS DA SILVA,KADU SILVA MAVERICK,SIMÕES FILHO,PSOL,NÃO ELEITO,51,12043.0,22697.59,236.13725490196077
345,35044,ROSANA FERREIRA CAVALCANTE,ROSA BERRUGINHA,TUCANO,PC do B,NÃO ELEITO,7,1644.0,2304.0,234.85714285714286
346,11970,SILENILDA OLIVEIRA DOS SANTOS,SILENILDA OLIVEIRA,PRESIDENTE TANCREDO NEVES,PC do B,SUPLENTE,3,703.6,740.0,234.53333333333333
347,19760,VANILDA SOUZA DIAS,VANILDA,ENCRUZILHADA,PT,NÃO ELEITO,7,1641.5700000000002,2241.5699999999997,234.51000000000002
348,18053,JORGE SANTOS DOURADO,JORGE DE NEGO,ANDARAÍ,MDB,NÃO ELEITO,32,7500.0,7500.0,234.375
349,9393,SILVANI FILGUEIRAS DOS SANTOS,SILVIA DE NETO,PARATINGA,DEM,SUPLENTE,3,701.0,701.0,233.66666666666666
350,37110,CLEIDINEA DA SILVA SOUSA,CLEIDINHA,CAPIM GROSSO,PV,NÃO ELEITO,3,700.0,700.0,233.33333333333334
351,26019,MARIA MARLENE DE OLIVEIRA SANTOS,MARIA MARLENE,PARAMIRIM,PL,SUPLENTE,6,1400.0,1400.0,233.33333333333334
352,27594,CAMILA ROSA DA SILVA,CAMILA DA SAÚDE,COARACI,PL,SUPLENTE,25,5806.5,5830.0,232.26
353,897,ADELIONITA MARIA DOS SANTOS,ADELIONITA,PIRIPÁ,PT,SUPLENTE,6,1393.5,1390.0,232.25
354,3560,JOÃO JORGE DA CONCEIÇÃO LIMA,JOÃO JORGE,FEIRA DE SANTANA,PL,SUPLENTE,56,13000.0,13000.0,232.14285714285714
355,37158,MARIFRAN DA SILVA MATA,MARIFRAN,IBIPITANGA,PP,SUPLENTE,6,1390.0,5000.0,231.66666666666666
356,35719,BARBARA SANTOS RODRIGUES,BARBARA DO SINDICATO,PORTO SEGURO,PC do B,SUPLENTE,13,3000.0,3971.44,230.76923076923077
357,10989,TAINARA DE JESUS COELHO,TAINARA,NOVA FÁTIMA,PSB,SUPLENTE,5,1150.0,1150.0,230.0
358,26013,CLAUDETE MATOS DE OLIVEIRA,CLAUDETE,PARAMIRIM,PL,SUPLENTE,7,1601.85,1601.85,228.83571428571426
359,12725,ALTAMIRANDO DE AMORIM,ALTAMIRANDO DO PATY,SÃO FRANCISCO DO CONDE,PP,SUPLENTE,13,2969.9,4274.0,228.45384615384617
360,35927,JOSÉ MARCOS LISBOA DOS SANTOS,MARCOS LISBOA,SALVADOR,PSOL,SUPLENTE,139,31633.800000000003,32240.7,227.58129496402879
361,9636,ELENIZE DE LIMA NASCIMENTO,LENE NASCIMENTO,GUANAMBI,PV,NÃO ELEITO,11,2500.35,2602.0,227.30454545454543
362,1513,LINDINALVA DE JESUS BATISTA SANTOS,LINDA BATISTA,ALAGOINHAS,DEM,SUPLENTE,11,2500.0,2500.0,227.27272727272728
363,18108,MARLEIDE FERREIRA DA SILVA SANTOS,MARLEIDE DOS COPOS,SANTA BRÍGIDA,PT,SUPLENTE,5,1133.9,1690.85,226.78000000000003
364,35448,REINILDA LEMOS CONTI,REINILDA DE MENTA,SANTA MARIA DA VITÓRIA,PC do B,NÃO ELEITO,3,680.0,899.17,226.66666666666666
365,16215,CARLOS ROLDÃO LIMA,ROLDÃO,XIQUE-XIQUE,PSOL,NÃO ELEITO,22,4960.0,6025.0,225.45454545454547
366,29074,MARCIO ALVES SANTOS,MARCIO,PORTO SEGURO,PSC,SUPLENTE,4,900.23,13502.18,225.0575
367,1393,IVANILDO SANTANA DA SILVA,IVANILDO SHOW DA RADIO,LAMARÃO,PSB,NÃO ELEITO,4,900.0,900.0,225.0
368,22076,MARIA DIVA ANJOS FREITAS,DIVA DA PLACA,BARRA DA ESTIVA,PSD,SUPLENTE,4,900.0,900.0,225.0
369,7194,EDILENE PEIXOTO SOUZA,BUBA PEIXOTO,NOVA FÁTIMA,SOLIDARIEDADE,SUPLENTE,16,3600.0,3600.0,225.0
370,22226,RAISSA DOS SANTOS NASCIMENTO,RAISSA,PILÃO ARCADO,PC do B,NÃO ELEITO,4,900.0,1000.0,225.0
371,36984,LAERTE JOSÉ DE QUEIROZ SANTOS,LAERTE,PEDRÃO,MDB,NÃO ELEITO,4,900.0,900.0,225.0
372,24070,ELIANE SOUSA SILVA,LANE,MACARANI,REPUBLICANOS,SUPLENTE,2,450.0,450.0,225.0
373,22709,IRENILDA JESUS DOS SANTOS,IRENILDA,HELIÓPOLIS,MDB,SUPLENTE,5,1124.0,1324.0,224.8
374,9293,ROOSEVELT BARBOSA PAIVA DE CARVALHO,ROOSEVELT CARVALHO,PAULO AFONSO,PSL,NÃO ELEITO,162,36282.29999999998,40826.41,223.9648148148147
375,630,EDILENE PAULO BARRETO,LENE BARRETO,IBIPEBA,PSD,SUPLENTE,9,2010.0,2010.0,223.33333333333334
376,14861,TAINAN DE SOUZA LIMA,TAINAN,SÃO JOSÉ DO JACUÍPE,PP,SUPLENTE,5,1115.0,1115.0,223.0
377,31446,JOSE DOMINGOS DE ALMEIDA PEREIRA,DOMINGOS PEREIRA,ALAGOINHAS,PODE,NÃO ELEITO,150,33431.12999999999,34624.23,222.87419999999995
378,23687,JOSÉ CARLOS DE SÁ,SÁ,SANTA BRÍGIDA,PODE,SUPLENTE,6,1337.0,2893.95,222.83333333333334
379,27598,DIMÉRCIA SOUZA PEREIRA,PROFESSORA DIMÉRCIA,COARACI,PL,SUPLENTE,27,6015.5,5750.0,222.7962962962963
380,27216,ALEXANDRE CARDOSO FERREIRA,ALEXANDRE NOVO TOK,ESPLANADA,PSB,SUPLENTE,18,4000.0,7120.0,222.22222222222223
381,25542,ALINE NUNES DOS SANTOS NASCIMENTO,ALINE NUNES,ILHÉUS,PSB,SUPLENTE,9,2000.0,2282.5,222.22222222222223
382,18194,FERNANDA BARBOSA,FERNANDA BARBOSA,JEQUIÉ,SOLIDARIEDADE,SUPLENTE,1,222.0,222.0,222.0
383,19678,NAYRA LÍLIAN SACRAMENTO SILVA,NAYRA SACRAMENTO,CAETITÉ,PSD,SUPLENTE,79,17462.55,18025.0,221.04493670886075
384,12633,REGINALDO PINA DA SILVA,REGINALDO SILVA,IBIPITANGA,REPUBLICANOS,SUPLENTE,12,2650.0,2650.0,220.83333333333334
385,37179,SIMONE SACRAMENTO ALMEIDA,SIMONE,UTINGA,PT,SUPLENTE,3,660.0,660.0,220.0
386,30276,MARY SONIA SOUZA MOTA RIBEIRO,MARY SONIA,JEQUIÉ,PSB,SUPLENTE,5,1100.0,3300.0,220.0
387,15512,JACCILENE REIS DOS SANTOS,JACK REIS,UTINGA,PSDB,SUPLENTE,3,660.0,920.0,220.0
388,10720,IRISNETE TEIXEIRA CARNEIRO,IRISNETE DE TOINHO,SÃO DOMINGOS,MDB,SUPLENTE,48,10556.0,10650.0,219.91666666666666
389,11664,ALVINA RAMOS NEVES,ALVINA RAMOS NEVES,CANDIBA,PP,SUPLENTE,8,1750.0,1750.0,218.75
390,14891,MARIA SENHORINHA DE SOUZA,SENHORA,GAVIÃO,PSD,SUPLENTE,2,436.5,436.5,218.25
391,16537,TALISSON SOUSA DE SANTANA,TALISSON SANTANA,CANDEIAS,PT,NÃO ELEITO,52,11328.0,9722.0,217.84615384615384
392,4983,MANOEL MESSIAS DE JESUS,MESSIAS DE JESUS,ABAÍRA,PSB,SUPLENTE,6,1305.0,0.0,217.5
393,18437,DAIANE CORREIA DOS SANTOS,DAIANE,RUY BARBOSA,SOLIDARIEDADE,NÃO ELEITO,23,5000.0,5360.0,217.3913043478261
394,19488,OSMAR SOUZA OLIVEIRA,MAZINHO,SEABRA,PC do B,SUPLENTE,6,1300.0,1419.17,216.66666666666666
395,19490,JEOMAINA SOUZA SANTOS,DEDÊ,SEABRA,PC do B,SUPLENTE,6,1300.0,1419.17,216.66666666666666
396,1264,LILIANE DOS SANTOS SILVA,LILIANE DE MARIA RÔDO,PÉ DE SERRA,PT,SUPLENTE,4,857.4,1007.4,214.35
397,23011,OZENAN SANTOS EVANGELISTA,DINO AMBULANTE,LAURO DE FREITAS,PSB,NÃO ELEITO,7,1500.0,2576.92,214.28571428571428
398,26336,POLLIANA SANTOS BARRETO DE FREITAS,POLLI,ITABUNA,PMN,SUPLENTE,7,1500.0,1500.0,214.28571428571428
399,16250,CLÁUDIA ROCHA PINTO,CLÁUDIA,LIVRAMENTO DE NOSSA SENHORA,PL,SUPLENTE,5,1070.45,1070.45,214.09
400,13211,SIDNA FERREIRA SANTANA,SIDNA HADASSA,BARREIRAS,AVANTE,SUPLENTE,175,37419.25,39673.25,213.8242857142857
401,38,PANMELA ALMEIDA BANDEIRA,PANMELA BANDEIRA,IBIRAPUÃ,PTC,SUPLENTE,11,2350.0,2350.0,213.63636363636363
402,30271,DILSIANO OLIVEIRA LIMA,JÚNIOR OLIVEIRA,JEQUIÉ,PSB,SUPLENTE,4,850.0,850.0,212.5
403,8806,ANDERSON DE SOUZA DA SILVA,ANDERSON BELOS OLHOS,IUIU,PT,SUPLENTE,4,850.0,1057.0,212.5
404,13771,MAGNO OLIVEIRA ROCHA,MAGNO ROCHA,NOVA VIÇOSA,PSOL,NÃO ELEITO,9,1910.8,2483.2999999999997,212.3111111111111
405,14853,EDVAN REIS DE SOUZA,EDVAN DA HONDA,RIBEIRA DO POMBAL,PL,SUPLENTE,90,19055.0,19055.0,211.72222222222223
406,19792,WILSON MAGALHAES RODRIGUES,PROF WILSON,FEIRA DA MATA,PSD,SUPLENTE,9,1896.25,0.0,210.69444444444446
407,1487,MARCIA DA SILVA,MISSIONARIA MARCIA,IBIRAPUÃ,PP,SUPLENTE,35,7351.45,8004.54,210.04142857142855
408,31855,RAISSA SILVA SANTOS,RAISSA SANTOS,ITAMBÉ,PL,SUPLENTE,10,2100.0,3500.0,210.0
409,29999,SONIA MARIA DE JESUS SANTOS,SÔNIA,LAJE,PODE,SUPLENTE,1,210.0,210.0,210.0
410,26914,RENATA MIRANDA MENESES,RENATA MENESES,PRESIDENTE DUTRA,PP,SUPLENTE,10,2100.0,2100.0,210.0
411,31046,RAILDA SENA ANDRADE,RAIDA,LAJE,PDT,SUPLENTE,1,210.0,210.0,210.0
412,20634,SÔNIA BARBOSA DOS SANTOS,SÔNIA,CANÁPOLIS,PC do B,SUPLENTE,8,1680.0,1789.58,210.0
413,29272,LUCIO ANTONIO DOS SANTOS,LUCIO SANTOS,ITUAÇU,PSD,SUPLENTE,5,1045.0,0.0,209.0
414,28966,GENIVALDO COSTA BARBOSA,CAU,ITUAÇU,PDT,NÃO ELEITO,5,1045.0,0.0,209.0
415,9054,LINDOMAR ALVES DE ALMEIDA,PASTOR ABENÇOADO,SÃO FRANCISCO DO CONDE,PT,SUPLENTE,10,2083.8,2492.0,208.38000000000002
416,36723,CELSON CRUZ DOS SANTOS,CELSON CRUZ,LAURO DE FREITAS,SOLIDARIEDADE,NÃO ELEITO,4,832.3,0.0,208.075
417,29282,MARILEIA OLIVEIRA SILVA,TIA BINHA,ITUAÇU,PSD,SUPLENTE,6,1245.0,200.0,207.5
418,24108,JUAREZ BARBOSA DA SILVA,JUAREZ,BARREIRAS,PTB,NÃO ELEITO,61,12647.0,16694.04,207.327868852459
419,11752,VANDERLEY LIMA CAMPOS,CAMPOS PATRIOTA,MUCURI,REDE,SUPLENTE,7,1450.0,1520.0,207.14285714285714
420,10692,ELIANE OLIVEIRA BRITO MAYER,ELIANE DO MOZART,LAURO DE FREITAS,PATRIOTA,SUPLENTE,29,6000.0,6000.0,206.89655172413794
421,8651,UILIAM SANTOS DA SILVA,UILLIAM,LAPÃO,PP,SUPLENTE,6,1240.9,0.0,206.8166666666667
422,12926,MARIA EDNA BATISTA RIBEIRO,PROFESSORA EDNA,EUCLIDES DA CUNHA,PSD,SUPLENTE,41,8478.75,8481.9,206.7987804878049
423,6487,JEANE ALVES CRUZ,PROFESSORA JEANE,CAMAÇARI,MDB,NÃO ELEITO,243,49992.0,50170.0,205.7283950617284
424,9143,DALVAIR LIMA ROCHA,TIA DADAI,PLANALTO,PP,SUPLENTE,49,10000.0,10000.0,204.08163265306123
425,884,FABIANA DA CONCEIÇÃO SILVA,CANTORA FABIANA SILVA,SALVADOR,AVANTE,SUPLENTE,135,27513.999999999996,29514.0,203.80740740740737
426,33407,MARIA CELESTE AVELINO PEREIRA,CELESTE,SANTA MARIA DA VITÓRIA,PSD,SUPLENTE,16,3250.0,3250.0,203.125
427,22983,CARLA OLIVEIRA SANTOS,CARLA BOMBEIRA,LAURO DE FREITAS,CIDADANIA,SUPLENTE,11,2222.2200000000003,2222.22,202.02
428,5984,SUELI MARIA DE NOVAIS MENEZES,SUELI DE ROUXINHO,IBIPITANGA,PSD,SUPLENTE,25,5040.0,5670.0,201.6
429,14840,MARIA PATRICIA BARBOSA REIS,PATRICIA,RIBEIRA DO POMBAL,PT,SUPLENTE,6,1205.0,1205.0,200.83333333333334
430,17810,MARIA LUISA ABREU DA SILVA,LUISA ABREU,SALVADOR,SOLIDARIEDADE,SUPLENTE,147,29499.999999999996,29500.0,200.68027210884352
431,29143,SIDALVA LOPES VIANA,SIDA,ITAMBÉ,DC,NÃO ELEITO,5,1000.0,1000.0,200.0
432,16406,FABIO SOUZA DO CARMO,FABIO DA INTERNET,SAUBARA,PODE,SUPLENTE,5,1000.0,1000.0,200.0
433,25101,MARIA DE LOURDES DOS REIS BOMTEMPO,DONA LOURDES,IPUPIARA,PSD,SUPLENTE,5,1000.0,0.0,200.0
434,10117,ZELITA SILVA DAS VIRGENS,ZELITA,TEIXEIRA DE FREITAS,DEM,SUPLENTE,5,1000.0,1700.0,200.0
435,19374,MARIA SELMA LOPES DA SILVA,SELMA ESCRIVÃ,PORTO SEGURO,AVANTE,SUPLENTE,3,600.0,5000.0,200.0
436,7960,SAMANTA MARIA DE JESUS,SAMANTA,CONCEIÇÃO DO ALMEIDA,SOLIDARIEDADE,SUPLENTE,5,1000.0,1000.0,200.0
437,28871,FELICIA SACRAMENTO DOS SANTOS,FELÍCIA,RIACHÃO DO JACUÍPE,SOLIDARIEDADE,NÃO ELEITO,50,10000.0,10550.0,200.0
438,13424,GENILDA OLIVEIRA SOUZA,GENILDA SOUZA,JACARACI,PT,SUPLENTE,5,1000.0,2000.0,200.0
439,10195,JUSCELINA DA CONCEIÇÃO GUEDES,CELINA DO PT,IBOTIRAMA,PT,SUPLENTE,5,1000.0,1000.0,200.0
440,8845,REJANE SILVA AVELINO,RE SILVA,ITAPEBI,PODE,SUPLENTE,25,5000.0,5000.01,200.0
441,15840,ALBERTO JOSÉ DE OLIVEIRA,BERTO DO BREJO GRANDE,BOQUIRA,PL,SUPLENTE,20,4000.0,4000.0,200.0
442,4145,LFIGÊNIA NASCIMENTO DOS SANTOS,LFIGÊNIA ASSOCIAÇÃO,CANAVIEIRAS,PP,SUPLENTE,52,10390.0,10390.0,199.80769230769232
443,5459,DENANCI OLIVEIRA MARTINS MOURA,DENA MARTINS,LAURO DE FREITAS,PC do B,SUPLENTE,8,1589.0,1599.0,198.625
444,12176,ANDREYA ALVES MENEZES,PROFESSORA ANDREYA,LAPÃO,PSD,SUPLENTE,6,1190.0,1190.0,198.33333333333334
445,18308,EDMILSON COELHO DE ALMEIDA,EDMILSON ALMEIDA,VITÓRIA DA CONQUISTA,AVANTE,SUPLENTE,68,13424.0,11429.0,197.41176470588235
446,3068,DAMIANA JOSE DE SOUZA,DAMIANA DA PINDOBA,PEDRO ALEXANDRE,PP,SUPLENTE,25,4925.25,5000.0,197.01
447,28978,MARIANO RONEY LIMA TELES,DR MARIANO,SÃO SEBASTIÃO DO PASSÉ,AVANTE,NÃO ELEITO,35,6867.5,9167.5,196.21428571428572
448,26562,ANA CLÁUDIA OLIVEIRA DOS SANTOS,DINHA QUEIRÓZ,AMARGOSA,PROS,SUPLENTE,1,196.07000000000002,1160.0,196.07000000000002
449,36421,ANA VALERIA NASCIMENTO RAMOS,SARGENTO VALERIA,JEQUIÉ,PSD,SUPLENTE,23,4500.0,4500.0,195.65217391304347
450,17802,MARIA DE LOURDES DE JESUS,MARIA DE LOURDES,SALVADOR,SOLIDARIEDADE,SUPLENTE,51,9916.300000000001,10000.0,194.4372549019608
451,29276,GUILHERMINO PEREIRA DOS SANTOS,GUILHERMINO,ITUAÇU,PSD,SUPLENTE,8,1545.0,211.1,193.125
452,34703,ELIONARA SILVA SANTOS,PROFESSORA MARCINHA,IBIRATAIA,PSB,SUPLENTE,5,965.0,965.0,193.0
453,12631,JOEL OLIVEIRA DO NASCIMENTO,PASTOR JOEL,IBIPITANGA,REPUBLICANOS,SUPLENTE,27,5202.5,5202.5,192.6851851851852
454,6722,ROSA DA SILVA SANTOS,ROSA DA SERRA,PINDOBAÇU,MDB,SUPLENTE,52,10000.0,10000.0,192.30769230769232
455,28415,EDINALVA SANTANA DE SOUSA,PRFESSORA NALVA,SIMÕES FILHO,PSL,SUPLENTE,252,48344.909999999996,65279.25,191.84488095238095
456,8391,UILSON SOUSA DOS SANTOS,UILSON SANTOS,ANAGÉ,PODE,NÃO ELEITO,8,1530.06,2530.06,191.2575
457,35043,MARIZA DA MOTA SANTOS,MARIZA MOTA,TUCANO,PC do B,NÃO ELEITO,9,1715.0,1774.58,190.55555555555554
458,13208,CLECIA ALVES DE LIMA,CLECIA,BARREIRAS,AVANTE,SUPLENTE,21,4000.0,4854.0,190.47619047619048
459,9116,APARECIDA DE OLIVEIRA SANTOS,CIDA,CATURAMA,PSD,SUPLENTE,8,1521.5,1521.5,190.1875
460,9119,EDNANDA OLIVEIRA CONCEIÇÃO,EDNANDA,CATURAMA,PSD,SUPLENTE,8,1521.5,1521.5,190.1875
461,7701,JAIANE OLIVEIRA DA SILVA,JAIANE,NOVA IBIÁ,PL,NÃO ELEITO,2,380.0,380.0,190.0
462,22695,REGINEIDE SANTOS DOURADO,NENZINHA,SÍTIO DO MATO,DEM,SUPLENTE,2,380.0,380.0,190.0
463,12778,JOSIMAR FERREIRA DE JESUS,JOSIMAR FERREIRA,ILHÉUS,PT,SUPLENTE,101,19175.000000000004,20095.0,189.85148514851488
464,14695,PEDRO PIRES LIMA FILHO,PEDRO,GUANAMBI,REPUBLICANOS,NÃO ELEITO,5,945.0,0.0,189.0
465,14698,JAILSON DE JESUS NOVAES,JAILSON,GUANAMBI,REPUBLICANOS,NÃO ELEITO,5,945.0,0.0,189.0
466,14877,LAUREANO ARAUJO RIOS,LAUREANO PEDREIRO,CAPIM GROSSO,PV,NÃO ELEITO,9,1700.0,1700.0,188.88888888888889
467,34371,VICTORIA ALMEIDA DE BARROS,VICTORIA,AMÉRICA DOURADA,PSD,NÃO ELEITO,7,1320.0,1320.0,188.57142857142858
468,25398,JORGE LUIZ SANTOS,JORGE LUIZ,ILHÉUS,PSOL,NÃO ELEITO,130,24483.999999999996,26134.0,188.3384615384615
469,13223,STELAMARIS APARECIDA DE SOUZA CERQUEIRA,ESTELA,BARREIRAS,PROS,NÃO ELEITO,250,46986.96000000001,47036.96,187.94784
470,33822,MARLI DUARTE DE SOUZA,MARLI DO PINHEIRO,CONCEIÇÃO DA FEIRA,PSOL,NÃO ELEITO,8,1500.0,3544.6800000000003,187.5
471,395,JUCILEIDE DOS SANTOS OLIVEIRA,BEM DO PONTAL,CABACEIRAS DO PARAGUAÇU,PSC,NÃO ELEITO,8,1500.0,2357.0,187.5
472,26345,NAYRA RÚBIA DE SANDES ANDRADE,NAYRA SANDES,ITABUNA,PMN,SUPLENTE,8,1494.8,1500.0,186.85
473,31583,JOSE CARLOS GONÇALVES DOS SANTOS,CARLOS ILHA,ITAPARICA,DEM,NÃO ELEITO,10,1864.0,1900.0,186.4
474,36869,JOSEANE FERREIRA DOS SANTOS,BIBI DA LOTAÇÃO,ILHÉUS,PC do B,SUPLENTE,25,4660.0,5519.18,186.4
475,31964,MARIA DAS GRAÇAS PEREIRA FERRAIS,PRETINHA DE DONA ARACI,ANTAS,PSB,SUPLENTE,16,2976.0,3200.0,186.0
476,16332,ANDREIA NERES SANTOS,LOLO,POTIRAGUÁ,PP,SUPLENTE,11,2044.2,2055.0,185.83636363636364
477,9010,LUAN CIRQUEIRA DA CRUZ,LUAN DE SILVINHA,SÃO FRANCISCO DO CONDE,PSB,SUPLENTE,11,2042.5,2690.0,185.6818181818182
478,12998,ANA LÚCIA DO NASCIMENTO LIMA,ANA CAKE,CANDEIAS,AVANTE,SUPLENTE,27,5000.0,5000.0,185.1851851851852
479,14472,ANDREIA ARAUJO ALVES,JAGUNÇA,FEIRA DE SANTANA,PSL,NÃO ELEITO,54,10000.0,10000.0,185.1851851851852
480,22878,WESLAINE RIBEIRO DOS SANTOS,NANDA ROCHA,SÍTIO DO MATO,PT,NÃO ELEITO,6,1110.45,1110.45,185.07500000000002
481,24968,MICAELE SILVA LEMES,MICAELE,CALDEIRÃO GRANDE,PT,SUPLENTE,1,185.0,200.0,185.0
482,6429,EDNALVA ALVES DA SILVA,NALVINHA,CALDEIRÃO GRANDE,PSD,SUPLENTE,1,185.0,185.0,185.0
483,3,FABIO COSTA DOS SANTOS,FABIO DO PORTELA,IBIRAPUÃ,PT,NÃO ELEITO,10,1850.0,1850.0,185.0
484,1756,LILIANE ROCHA FARIAS,LILIANE,MALHADA DE PEDRAS,PP,SUPLENTE,3,550.0,2600.0,183.33333333333334
485,1748,ABIGAIL ATAIDE BARBOSA SANTOS,ABIGAIL,MALHADA DE PEDRAS,PP,SUPLENTE,3,550.0,2560.0,183.33333333333334
486,18143,JASIANE GOMES BISPO,JACY FILHA DE BOGÉ,ARAÇÁS,PSB,NÃO ELEITO,11,2000.0,2000.0,181.8181818181818
487,6919,CLÁUDIA TABATCHNIK COENTRO,CACAU TABATCHNIK,SALVADOR,MDB,SUPLENTE,55,9991.8,15769.23,181.6690909090909
488,6422,LUZINETE RODRIGUES DOS SANTOS,LÚ DO ACARAJÉ,CANARANA,DEM,NÃO ELEITO,8,1449.0,0.0,181.125
489,25307,ADRIANO DA SILVA DOS SANTOS,ADRIANO,ENTRE RIOS,PSOL,NÃO ELEITO,13,2352.45,2352.45,180.9576923076923
490,5462,ZILMAR DA SILVA GOMES,ZILMAR,LAURO DE FREITAS,PC do B,SUPLENTE,12,2169.3,1782.0,180.775
491,24677,JULIANA DOS REIS REZENDE,JULIANA REZENDE,UBAÍRA,PODE,SUPLENTE,1,180.0,180.0,180.0
492,24689,VALDIRENE AMORIM DE JESUS,BETA AMORIM,UBAÍRA,PODE,SUPLENTE,1,180.0,180.0,180.0
493,24851,RITA DE CASSIA MUNIZ BARRETO SOUZA,RITA,UBAÍRA,PP,SUPLENTE,1,180.0,180.0,180.0
494,23911,OSMAR PEREIRA ROCHA,OSMAR ROCHA,MUCURI,MDB,NÃO ELEITO,8,1439.6499999999999,1852.4,179.95624999999998
495,23255,MARIA DE LOURDES MOREIRA NASCIMENTO,LOURDES MOREIRA,VITÓRIA DA CONQUISTA,PP,SUPLENTE,113,20253.0,20255.0,179.23008849557522
496,22582,SILVANDIRA ASSIS DA LUZ,SILVANDIRA DA LUZ,CAMAÇARI,PSB,SUPLENTE,9,1611.54,2684.11,179.06
497,33824,JOANICE PEREIRA DOS SANTOS,NICINHA,CONCEIÇÃO DA FEIRA,PSOL,NÃO ELEITO,17,3044.0,3544.6800000000003,179.05882352941177
498,21844,LUZINEIDE DOS SANTOS PEREIRA,LÔRA DO BAR,MUCURI,PSC,SUPLENTE,14,2500.0,3400.0,178.57142857142858
499,874,SILMARA DAMASCENO ROCHA,SILMARA DAMASCENO,SALVADOR,AVANTE,SUPLENTE,154,27485.4,27500.0,178.4766233766234
500,7196,RODRIGO LOPES DE SANTANA,PESCOCINHO DAS POPULARES,NOVA FÁTIMA,SOLIDARIEDADE,SUPLENTE,9,1600.0,1600.0,177.77777777777777
501,4991,QUEILA DA CONCEIÃO BISPO DOS SANTOS,QUEILA SANTOS,GOVERNADOR MANGABEIRA,DEM,SUPLENTE,3,532.0,532.0,177.33333333333334
502,17658,DANIEL MOREIRA MOURA JUNIOR,JÚNIOR DE NATALINA,BIRITINGA,PATRIOTA,NÃO ELEITO,9,1595.25,1595.25,177.25
503,12630,MARCELI HERMANA DOS SANTOS NOVAES,MARCELI DE ARARAS,IBIPITANGA,REPUBLICANOS,SUPLENTE,12,2125.0,2125.0,177.08333333333334
504,12941,GILVANDA RUMÃO DE MATOS CABRAL,GILVANDA CABRAL,EUCLIDES DA CUNHA,PSD,SUPLENTE,48,8478.75,8478.75,176.640625
505,25304,VANESSA SILVA PAZ,VANESSA PAZ,ENTRE RIOS,PSOL,NÃO ELEITO,16,2822.94,3193.06,176.43375
506,16450,JOAO PEDRO DE VASCONCELOS JUNIOR,JOÃO PEDRO,GUANAMBI,PSD,SUPLENTE,112,19748.0,20950.0,176.32142857142858
507,24576,JOSÉ JORGE SANTOS MATOS,JOTA  N,SANTO ANTÔNIO DE JESUS,REDE,NÃO ELEITO,4,700.0,700.0,175.0
508,26906,DANIELA RANNA SOUZA,DANIELA RANNA,PRESIDENTE DUTRA,PP,SUPLENTE,12,2100.0,2100.0,175.0
509,6670,NILSON JOSÉ LINHARES LIBERAL,NILSON CARCARÁ,PINDOBAÇU,PC do B,SUPLENTE,4,700.0,700.0,175.0
510,22687,MAGNA MARTINS DE OLIVEIRA FERNANDES,MAZINHA,MATINA,PP,SUPLENTE,8,1400.0,1400.0,175.0
511,22685,SATURNINA FERNANDES DE SOUZA,IVANI,MATINA,PP,SUPLENTE,8,1400.0,1400.0,175.0
512,29815,SANNY BOAVENTURA RIBEIRO,SANNY DE GAL,SÍTIO DO MATO,PSD,SUPLENTE,2,350.0,0.0,175.0
513,17705,EDIJALMARIA JESUS DOS SANTOS,MIÚDA,SIMÕES FILHO,REDE,NÃO ELEITO,6,1045.0,1045.0,174.16666666666666
514,20252,VALDINEI GONÇALVES RIBEIRO,SARGENTO VALDINEI,NOVO TRIUNFO,PSC,SUPLENTE,3,521.95,1021.95,173.98333333333335
515,6096,EDNEIA DE JESUS SANTOS,EDNEIA,MACAÚBAS,PT,SUPLENTE,15,2601.75,2764.0,173.45
516,29063,MARLENE PIRES NUNES,MARLENE DA SAUDE,PORTO SEGURO,PSC,SUPLENTE,59,10205.450000000004,11033.45,172.9737288135594
517,2482,JANINE OLIVEIRA SOUZA,JANINE DE ALTAIR,ARACI,PSD,SUPLENTE,14,2421.5,2421.5,172.96428571428572
518,32808,LETICIA OLIVEIRA DE ANDRADE,LETICIA ANDRADE,LENÇÓIS,PL,SUPLENTE,7,1210.0,1210.0,172.85714285714286
519,5639,SABRINA PORTELA SILVA,SABRINA PORTELA,VITÓRIA DA CONQUISTA,MDB,SUPLENTE,93,16003.6,19155.0,172.08172043010754
520,12073,RAISSA GABRIELA DA SILVA SENE,RAISSA,PONTO NOVO,PSOL,NÃO ELEITO,7,1202.47,1302.47,171.78142857142856
521,26705,EDLEUZA TEIXEIRA SILVA,EDLEUZA TEC ENFERMAGEM,CARINHANHA,PDT,SUPLENTE,14,2400.0,2000.0,171.42857142857142
522,36559,MARIA SUELI BORGES DA CRUZ,SUELI BORGES,VÁRZEA DA ROÇA,PP,SUPLENTE,7,1200.0,1200.0,171.42857142857142
523,35037,MARIA NAZARÉ LIMA DA SILVA,NAZARÉ,TUCANO,PC do B,NÃO ELEITO,9,1535.0,1594.58,170.55555555555554
524,16532,FLORISVALDO DE JESUS,NICINHO DE PASSE,CANDEIAS,PT,NÃO ELEITO,8,1363.9,1509.0,170.4875
525,29500,JANAILZA MACHADO DOS SANTOS,NANAI DE ZÉ BARRO,IPECAETÁ,PP,SUPLENTE,45,7654.0,7654.0,170.0888888888889
526,14161,CAMILLA RIBEIRO DE SANTANA,CAMILLA,ITAMARI,PDT,SUPLENTE,1,170.0,170.0,170.0
527,22021,UELTON RIBEIRO DA SILVA,UELTON GAGO,UBAÍRA,AVANTE,NÃO ELEITO,1,170.0,170.0,170.0
528,36942,GENILDA DIAS SALVADOR,NILDA,ITAMARI,PDT,SUPLENTE,1,170.0,170.0,170.0
529,37156,SIRLENE ANGELOTE,SIRLENE,ITAMARI,PDT,SUPLENTE,1,170.0,170.0,170.0
530,22838,IGOR RODRIGUES,IGOR ZART,BOM JESUS DA LAPA,AVANTE,SUPLENTE,10,1700.0,1700.0,170.0
531,22103,NELSON COSTA DOS SANTOS,NELSINHO DE GEL,RAFAEL JAMBEIRO,REPUBLICANOS,SUPLENTE,17,2887.05,3267.07,169.8264705882353
532,12599,ELIETE DOURADO DAMIAO,LIU DOURADO,BARROCAS,SOLIDARIEDADE,SUPLENTE,59,10000.0,10051.04,169.4915254237288
533,1183,HIPÓLITO SANTOS DUARTE,HIPÓLITO,SANTALUZ,PC do B,NÃO ELEITO,7,1184.9,1184.9,169.27142857142857
534,24634,EDIMARES SOUZA DE JESUS,DIMAS,WENCESLAU GUIMARÃES,PSB,SUPLENTE,2,337.5,351.5,168.75
535,24566,DILMARIA BISPO DOS SANTOS,DILMA,WENCESLAU GUIMARÃES,REPUBLICANOS,SUPLENTE,2,337.5,352.0,168.75
536,36328,DELCI MARTINS BARRETO,DELCI BARRETO,GENTIO DO OURO,PDT,SUPLENTE,7,1180.35,1180.35,168.62142857142857
537,27655,ANTONIO CARLOS DOS SANTOS,ANTONIO CARLOS MOTO TÁXI,CATU,PP,NÃO ELEITO,4,672.0,845.8199999999999,168.0
538,10909,RAIMUNDA MARIA DA SILVA CASALES,RAY CASALES,LAURO DE FREITAS,PDT,NÃO ELEITO,4,670.9000000000001,670.9,167.72500000000002
539,22545,DACI DIONÍSIO SOARES MENDES,DACI,CAMPO ALEGRE DE LOURDES,PC do B,SUPLENTE,22,3688.33,3688.33,167.65136363636364
540,12808,IVANILDA BISPO DE JESUS STOLZE,IVANILDA,ITAPEBI,REPUBLICANOS,SUPLENTE,12,2006.95,206.95,167.24583333333334
541,153,KEITIELLE RIBEIRO OLIVEIRA,KEITE OLIVEIRA,GUAJERU,PSD,SUPLENTE,43,7187.65,10820.2,167.15465116279069
542,3515,GABRIELA DE OLIVEIRA MOREIRA,GABRIELA,FEIRA DE SANTANA,PC do B,NÃO ELEITO,10,1670.0,4506.18,167.0
543,14887,SILVANA RODRIGUES DE SOUZA,SILVANA,GAVIÃO,PSD,SUPLENTE,3,501.0,0.0,167.0
544,14474,MAURICIO FERREIRA DE ALMEIDA,PASTOR MAURICIO ,FEIRA DE SANTANA,PSL,NÃO ELEITO,60,10008.45,10010.0,166.8075
545,35643,AURENICE DE OLIVEIRA SANTOS,NEGUINHA DE AMADO,ITACARÉ,PSC,NÃO ELEITO,6,1000.04,1000.0,166.67333333333332
546,28410,ALANA ALMEIDA AMARAL,ALANA,ÉRICO CARDOSO,REPUBLICANOS,SUPLENTE,6,1000.0,1000.0,166.66666666666666
547,14071,JOUGUIMAR CARVALHAL FRANÇA JUNIOR,JOUGUIMAR,ILHÉUS,PP,SUPLENTE,12,2000.0,2000.0,166.66666666666666
548,36407,MARIA ELENA ROSA DE OLIVEIRA SANTOS,MARIA DE ROXA,BONINAL,REDE,SUPLENTE,6,1000.0,1000.0,166.66666666666666
549,29502,ELIENY PASSOS GUERRA,ELIENY DE ESTEVÃO SEPADO,IPECAETÁ,PP,SUPLENTE,3,500.0,500.0,166.66666666666666
550,10450,ANA CARULINA DA CONCEIÇÃO OLIVEIRA,CAROL OLIVEIRA,BROTAS DE MACAÚBAS,PC do B,NÃO ELEITO,6,1000.0,300.0,166.66666666666666
551,15532,ALESSANDRA CARINA DE JESUS SANTOS,ALÊ CORRERIA,SIMÕES FILHO,REPUBLICANOS,SUPLENTE,12,2000.0,2000.0,166.66666666666666
552,27427,ANTONIO GALILEU OLIVEIRA DE SÃO BERNARDO,DR GALILEU,SANTO ESTEVÃO,PP,SUPLENTE,60,10000.0,10000.0,166.66666666666666
553,24845,MARIA DE FATIMA JESUS DOS SANTOS,MARIA SANTOS,SAÚDE,PP,NÃO ELEITO,3,500.0,500.0,166.66666666666666
554,18641,FERNANDA ARAUJO DOS SANTOS,FERNANDA,PINDOBAÇU,PSB,NÃO ELEITO,6,1000.0,0.0,166.66666666666666
555,9398,ALEX PIMENTEL PIRES,ALEX DO HAMBÚRGUER,UBATÃ,PSL,NÃO ELEITO,3,500.0,500.0,166.66666666666666
556,1401,GILMA BARRETO DE JESUS,GILMA DE JOÃO DE DEZ,LAMARÃO,PSB,NÃO ELEITO,12,2000.0,2000.0,166.66666666666666
557,20345,ANDRESSA SOUSA PEREIRA,ANDRESSA,ITANHÉM,AVANTE,SUPLENTE,6,1000.0,1145.0,166.66666666666666
558,13481,SIMONE JESUS DE OLIVEIRA,SIMONE,BONINAL,PV,NÃO ELEITO,6,1000.0,1500.0,166.66666666666666
559,6321,CAMILA DOS SANTOS NOVAIS,CAMILA NOVAIS,LAFAIETE COUTINHO,PSD,SUPLENTE,6,1000.0,1000.0,166.66666666666666
560,6818,RITA DE CASSIA SANTOS,RITINHA,ITABUNA,SOLIDARIEDADE,SUPLENTE,6,1000.0,2129.3,166.66666666666666
561,24219,FABIANA PEREIRA DA SILVA,FABIANA,JEQUIÉ,PT,SUPLENTE,7,1166.0,1166.47,166.57142857142858
562,22573,DIONELIA MACHADO FERREIRA SANTANA,DIONELIA,CAMAÇARI,PSB,SUPLENTE,12,1998.0,3674.11,166.5
563,28729,EMANOEL ARAUJO LIMA,MANELÃO,BRUMADO,PSL,NÃO ELEITO,326,54264.95,54264.95,166.4569018404908
564,15225,JOSÉ CARLOS SILVA DOS SANTOS,J. CARLOS SILVA,SALVADOR,PSB,SUPLENTE,18,2993.0,8788.73,166.27777777777777
565,4295,LUCAS ELLON TELES CAFE DE JESUS,LUCAS CAFE,SANTA INÊS,REPUBLICANOS,NÃO ELEITO,9,1492.0,2032.0,165.77777777777777
566,17149,PATERNIANO SANTOS DO AMARAL,TETE DA AVENIDA BRASIL,ITUAÇU,PSDB,NÃO ELEITO,1,165.0,965.0,165.0
567,13527,CARMEM DE JESUS MENDES,CARMEM,NOVA VIÇOSA,PSB,SUPLENTE,1,163.9,163.9,163.9
568,2294,EDNA MARIA NUNES,EDNA NUNES,SALVADOR,PV,SUPLENTE,24,3926.2600000000007,4000.0,163.5941666666667
569,4549,CONSTANÇA SANTOS MOTTA BOMFIM,CONSTANÇA BOMFIM,SÃO FELIPE,PL,SUPLENTE,3,490.0,946.25,163.33333333333334
570,4661,UBERLANDIO SILVA DE JESUS,UBERLANDIO,CANSANÇÃO,PL,SUPLENTE,49,8000.0,8000.0,163.26530612244898
571,36913,LEONTINA OLIVEIRA MAGALHAES SANTOS,TINA DO GELADINHO,MALHADA,MDB,SUPLENTE,5,814.0,814.0,162.8
572,11529,JOSIANE SANTOS DE JESUS,ANE DE JOSAFÁ,NOVA IBIÁ,PSD,SUPLENTE,4,650.0,1203.0,162.5
573,11651,IRÁ DA SILVA CALDEIRA,IRÁ KANNÁRIO,SALVADOR,DEM,SUPLENTE,740,120000.0,120000.0,162.16216216216216
574,740,ANA KARINA SANTOS BRITO,KARINA BRITO,CRUZ DAS ALMAS,PSD,SUPLENTE,271,43830.0,43830.0,161.73431734317344
575,2219,CARLA CARINA SILVA VERDE,CARLA VERDE,SALVADOR,PODE,SUPLENTE,31,5000.0,34422.5,161.29032258064515
576,6418,WALDY MAXIMO MOREIRA,WALDY MAXIMO,CANARANA,DEM,NÃO ELEITO,9,1449.0,0.0,161.0
577,18458,MARTINHO GUIMARÃES DAS NEVES,MARTINHO DA PEDRA VERMELHA,MONTE SANTO,PT,NÃO ELEITO,5,805.0,835.0,161.0
578,35911,DJAILTON MAGALHÃES CORREIA,DJA DA BIKE,SALVADOR,PSOL,SUPLENTE,44,7040.34,7595.82,160.00772727272727
579,7265,LUDIGARDA DOURADO ANDRADE,LUDIGARDA,BARRO ALTO,PP,SUPLENTE,5,800.0,800.0,160.0
580,13321,JACIRA DA CONCEIÇÃO SILVA,JACIRA,ANTÔNIO CARDOSO,PP,SUPLENTE,1,160.0,160.0,160.0
581,2931,REGIA OLIVEIRA DE SOUZA,REGIA TAYNARA,JAGUAQUARA,PV,NÃO ELEITO,25,4000.0,4760.0,160.0
582,7190,JOSÉ SAMUEL SILVA COELHO,CACHINGA DE LÔRO,NOVA FÁTIMA,SOLIDARIEDADE,SUPLENTE,10,1600.0,1600.0,160.0
583,28684,VERA LÚCIA MUNIZ RAMOS,VERA DA RECICLAGEM,BRUMADO,PT,SUPLENTE,12,1915.62,1915.62,159.635
584,14989,NOELIA SANTA ROSA DOS SANTOS,NOELIA SANTA ROSA RODOVIARIA,ITABUNA,PSOL,NÃO ELEITO,11,1753.73,1753.73,159.43
585,22989,RENATA RIBEIRO SANTANA,RENATA RIBEIRO,LAURO DE FREITAS,CIDADANIA,SUPLENTE,14,2222.22,2222.22,158.73
586,14725,ELIAS MANUEL DA COSTA,ELIAS COSTA,GUANAMBI,PSDB,SUPLENTE,21,3331.8,3331.7999999999997,158.65714285714287
587,6707,EDINEUZA DOS SANTOS CARVALHO,IRMÃ NEUZA,PINDOBAÇU,PSD,SUPLENTE,7,1100.0,1100.0,157.14285714285714
588,10863,LADY ANE DE SOUZA OLIVEIRA,LADY OLIVEIRA,LAURO DE FREITAS,PV,NÃO ELEITO,13,2041.48,1340.0,157.03692307692307
589,32563,LARISSA BRANDÃO LEAL SILVA,LARISSA LEAL,ITABUNA,PDT,SUPLENTE,68,10660.0,10887.5,156.76470588235293
590,36892,SIRLEIA RODRIGUES DE OLIVEIRA SANTOS,SIRLEIA,SÃO JOSÉ DO JACUÍPE,PDT,SUPLENTE,6,940.0,940.0,156.66666666666666
591,27435,JACIRA CONCEIÇÃO DOS SANTOS LIMA,JACI DO SALÃO,SANTO ESTEVÃO,PP,SUPLENTE,32,5000.0,5000.0,156.25
592,8612,TAMIRES SOUZA BARRETO,TAMIRES BARRETO,MADRE DE DEUS,PSB,SUPLENTE,50,7803.399999999999,8538.4,156.06799999999998
593,26387,PEDRO SANTOS DA CRUZ,PEDRO DE HORACIO,CORRENTINA,PSD,SUPLENTE,9,1400.0,2600.0,155.55555555555554
594,21480,RITA DE CÁSSIA AMARAL MALHEIROS,RITA DE EDVINA,MADRE DE DEUS,PC do B,SUPLENTE,2,310.45,318.45,155.225
595,28671,RAIMUNDO MACEDO DA SILVA,PIRIRICA,BRUMADO,PT,SUPLENTE,14,2172.18,2172.18,155.15571428571428
596,8657,FABIANO REINALDO MENEZES,FABIANO AR,LAPÃO,PP,SUPLENTE,8,1240.9,0.0,155.1125
597,20072,ELISANGELA EVANGELISTA DE SOUZA,ELISANGELA SOUZA,PILÃO ARCADO,PT,SUPLENTE,2,310.0,1043.45,155.0
598,13001,EVERTON SOUZA DOS SANTOS,EVERTON SOUZA,CANDEIAS,AVANTE,SUPLENTE,53,8206.1,8259.0,154.83207547169812
599,14456,DILMARA RIOS CARIBE,DILMARA CARIBÉ,FEIRA DE SANTANA,PSL,NÃO ELEITO,65,10055.000000000002,10245.1,154.6923076923077
600,16385,GISONIA SOUZA SANTOS,DANGA,POTIRAGUÁ,PL,SUPLENTE,13,2010.1,2015.0,154.62307692307692
601,131,ADRIANA MENDES DE SOUZA,DIANA MENDES,IBIPEBA,PSD,SUPLENTE,13,2010.0,2010.0,154.6153846153846
602,54,ROSALEIDE GONÇALVES DA SILVA PRATES,ROSALEIDE PRATES,IBIRAPUÃ,PATRIOTA,SUPLENTE,12,1850.0,1850.0,154.16666666666666
603,36917,SOLANGE JUDITE DO NASCIMENTO,SOLANGE,DOM BASÍLIO,PP,SUPLENTE,2,307.45,307.45,153.725
604,6080,MARCIA REGINA FIGUEIREDO DA COSTA,DRA. MARCIA REGINA ,MACAÚBAS,PT,SUPLENTE,18,2765.2,6034.7,153.6222222222222
605,27370,LINDINALVA SILVA DE OLIVEIRA,LINDINALVA OLIVEIRA,SIMÕES FILHO,PSD,SUPLENTE,42,6442.500000000001,6449.5,153.39285714285717
606,5988,MARIA APARECIDA DA SILVA OLIVEIRA,MARIA DA EDUCAÇAO,IBIPITANGA,PSD,SUPLENTE,33,5040.0,5580.0,152.72727272727272
607,9019,ANAILTON GRIGORIO ALVES,GOINHO DE SAO BENTO,SÃO FRANCISCO DO CONDE,PSB,SUPLENTE,45,6854.15,7591.5,152.31444444444443
608,29565,NELIO JESUS DE OLIVEIRA,NELIO CABELEIREIRO,BONITO,PC do B,SUPLENTE,7,1066.0,1316.0,152.28571428571428
609,13286,ROBSON SILVA DOS SANTOS,ROBINHO DO CAPIM DURO,FÁTIMA,PSB,SUPLENTE,25,3799.0000000000014,5800.0,151.96000000000006
610,14468,HAMILTON MORAIS LEAL,INSTRUTOR MORAIS,FEIRA DE SANTANA,PSL,NÃO ELEITO,66,10000.0,10000.0,151.5151515151515
611,28794,MARCIA GONÇALVES DA SILVA,MARCIA DO PORTO,ENTRE RIOS,SOLIDARIEDADE,SUPLENTE,33,5000.0,5000.0,151.5151515151515
612,859,DANIELA CARDOSO DE CARVALHO,DANIELA CARVALHO,SALVADOR,AVANTE,SUPLENTE,182,27500.0,53460.0,151.0989010989011
613,35908,JAIME CESAR CELESTINO,PROF JAIME,SALVADOR,PSOL,SUPLENTE,126,19035.22,21590.7,151.0731746031746
614,10858,ALEX LUZ SANTOS,LECO,LAURO DE FREITAS,PV,NÃO ELEITO,4,602.5,0.0,150.625
615,27494,JOAO PEREIRA DA CENA,JOAO CENA,IRECÊ,PSB,SUPLENTE,3,451.5,1004.1,150.5
616,20584,ADRIANA SANTANA BORGES MENDES,ADRIANA MENDES,NOVA VIÇOSA,PSC,SUPLENTE,7,1052.7800000000002,4052.7799999999997,150.39714285714288
617,2444,GIOZENI MOREIRA DE OLIVEIRA,ZENI,MEDEIROS NETO,PATRIOTA,SUPLENTE,9,1350.0,1420.0,150.0
618,14498,GILDECI PEREIRA SILVA,GIL DA BENTEVI,ARATACA,PTC,SUPLENTE,2,300.0,300.0,150.0
619,22089,DOLORES SILVA DE JESUS,DOLORES DE TRIUNFO,BARRA DA ESTIVA,PSD,SUPLENTE,6,900.0,900.0,150.0
620,37148,HELIONE DE ALMEIDA RODRIGUES,HELIONE,REMANSO,PSC,NÃO ELEITO,2,300.0,500.0,150.0
621,31966,JOSEFA JANICLÉCIA OLIVEIRA DE CARVALHO,JANICLECIA,ANTAS,PSB,SUPLENTE,20,3000.0,3300.0,150.0
622,3290,NELZA PITANGA DA CRUZ,NELZA,MURITIBA,REPUBLICANOS,SUPLENTE,2,300.0,300.0,150.0
623,8426,EDILENE COELHO DE FREITAS,EDILENE COELHO,SALVADOR,CIDADANIA,SUPLENTE,50,7500.0,12479.55,150.0
624,31900,LUZIA BARBOSA DOS SANTOS,LUANA DA VIDRAÇARIA,TEIXEIRA DE FREITAS,PV,NÃO ELEITO,5,750.0,1459.6100000000001,150.0
625,9031,MARIA IVANA LINS VIEIRA,IVANA VIEIRA,BARRA DO CHOÇA,PV,NÃO ELEITO,4,600.0,600.0,150.0
626,36366,ELIANE FERREIRA FIGUEIREDO,ELIANE FIGUEIREDO,COARACI,PROS,SUPLENTE,1,150.0,164.0,150.0
627,35599,GABRIELA MACÊDO SANTOS,GABI DO DESCOBERTO,CORIBE,PSD,SUPLENTE,4,600.0,0.0,150.0
628,8012,JOÃO RENATO ZANDOMONIGI DE OLIVEIRA,RENATO O PEIXEIRO,NOVA VIÇOSA,PTB,NÃO ELEITO,2,300.0,0.0,150.0
629,11751,SAULO DINIZ FERNANDES DE SOUZA,SAULO DO TAXI,MUCURI,REDE,SUPLENTE,10,1500.0,1520.0,150.0
630,21835,RAFAELA CERQUEIRA BRITO,RAFAELA,CONCEIÇÃO DO JACUÍPE,PSDB,SUPLENTE,1,150.0,165.0,150.0
631,36327,TERESA MARGARETH BISPO DE ALMEIDA BARBOSA,TERESA MARGARETH,GENTIO DO OURO,PDT,SUPLENTE,6,900.0,900.0,150.0
632,10708,DALVANI MASCARENHAS DOS SANTOS,DALVA DE SERGIPE,LAURO DE FREITAS,PATRIOTA,SUPLENTE,40,5999.999999999998,6000.0,149.99999999999994
633,36803,IONE TEIXEIRA GUIMARÃES,IONE TEIXEIRA,WANDERLEY,PT,SUPLENTE,6,899.85,899.85,149.975
634,5463,PATRICIA BISPO MIRANDA,PATRICIA BISPO,LAURO DE FREITAS,PC do B,SUPLENTE,24,3589.0,3589.0,149.54166666666666
635,9231,TÂNIA CLAETE AZEVEDO ROCHA SANTOS,TÂNIA,RIO DE CONTAS,PSD,SUPLENTE,77,11514.5,13305.0,149.53896103896105
636,2734,KATIA MONTEIRO MIRANDA DE OLIVEIRA,KATIA MONTEIRO,LAPÃO,PSOL,NÃO ELEITO,14,2090.9,862.33,149.35
637,12167,CICERO MARCOS PEREIRA DOS SANTOS,MARCOS NASSER,LAPÃO,PSD,SUPLENTE,8,1190.0,1190.0,148.75
638,25040,DALVA BRASILENSE PEREIRA,DALVA BRASILENSE,DOM BASÍLIO,PP,SUPLENTE,2,297.0,297.0,148.5
639,12727,MARIA NÔEMIA MENEZES SOUZA,PRO NÔEMIA,SÃO FRANCISCO DO CONDE,PP,SUPLENTE,20,2969.9,3870.0,148.495
640,28192,WESLEY ISAIAS TEXEIRA DE ARAUJO MARQUES,CABO ISAIAS,SIMÕES FILHO,SOLIDARIEDADE,SUPLENTE,3,445.0,445.0,148.33333333333334
641,24715,ALISON MELO MENEZES,ALISON MELO,UBAÍRA,MDB,SUPLENTE,11,1631.0,1631.0,148.27272727272728
642,24714,SORAIA SILVA BRANDAO,SORAIA,UBAÍRA,MDB,SUPLENTE,11,1631.0,1631.0,148.27272727272728
643,14845,CATARINA SANTOS ARAUJO ALMEIDA,CATARINA SANTOS,RIBEIRA DO POMBAL,PL,SUPLENTE,25,3705.0,5105.0,148.2
644,3138,ADILSON JESUS DA SILVA,ADILSON SILVA,SALVADOR,PSC,SUPLENTE,22,3243.9,3546.9300000000003,147.45000000000002
645,852,IRACEMA ALMEIDA MONTEIRO,IRACEMA MONTEIRO,SALVADOR,AVANTE,SUPLENTE,153,22478.4,22500.0,146.91764705882355
646,12512,ELENI MACEDO DA SILVA,TIA ELENI,SERRINHA,PSB,SUPLENTE,10,1462.5,1462.5,146.25
647,12504,MARLENE DOS SANTOS ARAUJO,MARLENE DE CAMILO SAMBADOR,SERRINHA,PSB,SUPLENTE,10,1462.5,1462.5,146.25
648,2432,ANTONIO MARCOS DA SILVA DIAS,MARQUINHOS,MEDEIROS NETO,PP,SUPLENTE,26,3800.0,3870.0,146.15384615384616
649,20049,ADEMILDE SOEIRO MONTES DA CRUZ,ADEMILDE CRUZ,PILÃO ARCADO,PP,SUPLENTE,13,1900.0,3100.0,146.15384615384616
650,22863,RAIDALVA MARTINS SMITH,RAIDALVA SMITH,ITIÚBA,REPUBLICANOS,SUPLENTE,5,730.02,1880.0,146.004
651,7200,TERTULIANO DE OLIVEIRA RIOS,TERTO,NOVA FÁTIMA,SOLIDARIEDADE,SUPLENTE,11,1600.0,1600.0,145.45454545454547
652,19796,JESUINO MARTINS FIRMO,ZUINO MARTINS,FEIRA DA MATA,PSD,SUPLENTE,12,1745.0,310.0,145.41666666666666
653,17220,VALDINEA SILVA MENEZES,NEIA DE ZAVIM,BOTUPORÃ,PSOL,NÃO ELEITO,4,580.45,1030.45,145.1125
654,2248,ROSILENE FERREIRA DE OLIVEIRA,ROSE,SALVADOR,PODE,SUPLENTE,111,16103.8,37422.5,145.07927927927926
655,20071,LUCINEIA RODRIGUES DOS SANTOS RIBEIRO,LUCINEIA RIBEIRO,PILÃO ARCADO,PT,SUPLENTE,2,290.0,1023.45,145.0
656,14462,EDVAN SANTOS DA SILVA,EDVAN SANTOS,FEIRA DE SANTANA,PSL,NÃO ELEITO,69,10000.0,10000.0,144.92753623188406
657,18828,COSME DOS SANTOS BARBOSA,GRECY KELLY,ALAGOINHAS,PC do B,SUPLENTE,23,3314.0,3543.96,144.08695652173913
658,31576,DENILSON MIGUEL SILVA,PROFESSOR DENILSON,ITAPARICA,DEM,NÃO ELEITO,14,2010.0,2010.0,143.57142857142858
659,28079,LEONICE SILVA SOUZA BITENCOURT,GAL,ITATIM,PSD,SUPLENTE,12,1716.97,1716.97,143.08083333333335
660,23008,DANIELA BARROS DA SILVA,DANIELA SILVA,LAURO DE FREITAS,PSB,NÃO ELEITO,11,1571.6,2648.52,142.87272727272727
661,36968,GENILDA BESERRA BARBOSA,GENILDA BARBOSA,PAULO AFONSO,PC do B,SUPLENTE,7,1000.0,1560.0,142.85714285714286
662,1131,CATIA DE MATOS GOES,CATIA,NORDESTINA,PL,SUPLENTE,7,1000.0,1000.0,142.85714285714286
663,31244,EULÁLIA MUNIZ BARREIROS,EULALIA MUNIZ,ITABUNA,PP,SUPLENTE,14,2000.0,2872.41,142.85714285714286
664,4058,GENIVAL ROSA DOS SANTOS,NÉNEM DE JEOVÁ,TAPIRAMUTÁ,DEM,SUPLENTE,7,1000.0,1000.0,142.85714285714286
665,4847,DAIANE REIS DOS SANTOS,DAIANE DO MUTIRÃO,ARAMARI,PSB,SUPLENTE,28,4000.0,4161.01,142.85714285714286
666,17740,ANDRELINA DOS SANTOS ALVES,ANDRELINA,ARAÇÁS,AVANTE,NÃO ELEITO,14,2000.0,2000.0,142.85714285714286
667,4035,REGINA RAMOS PEREIRA,REGINA,TAPIRAMUTÁ,PP,SUPLENTE,35,5000.0,5000.0,142.85714285714286
668,17768,DJAMILSON GOMES TAVARES,CATIGURIA,CORRENTINA,PL,SUPLENTE,7,995.18,3900.0,142.16857142857143
669,29067,ALECI JESUS SANTOS,ALECI DA ESCOLINHA DE FUTEBOL,PORTO SEGURO,PSC,SUPLENTE,38,5401.13,9828.0,142.135
670,30875,JOSE GONZAGA DA SILVA,IRMÃO GONZAGA,TEIXEIRA DE FREITAS,PSL,SUPLENTE,312,44293.799999999996,45142.0,141.96730769230768
671,33819,MARCELA  CRUZ DA SILVA TALER,MARCELA TALER,NOVA VIÇOSA,PT,NÃO ELEITO,6,850.0,850.0,141.66666666666666
672,23914,JOSE SOUZA DOS SANTOS,ZE SOUZA,MUCURI,MDB,NÃO ELEITO,9,1270.1499999999999,1803.9,141.12777777777777
673,32107,ELISANGELA DA SILVA VIEIRA COSTA,ELISANGELA VIEIRA,ITAMARAJU,PC do B,SUPLENTE,8,1128.0,1128.0,141.0
674,31799,ALDINJO DE ANDRADE SANTOS,BELAU,CACHOEIRA,PP,SUPLENTE,11,1545.0,1545.0,140.45454545454547
675,12819,BENJAMIM PEREIRA VIANA,BEIJO DE LEONOR,PIRIPÁ,PP,SUPLENTE,3,421.05,421.05,140.35
676,7966,MONICA BORGES DE ALMEIDA,MONICA BORGES,CONCEIÇÃO DO ALMEIDA,SOLIDARIEDADE,SUPLENTE,7,982.0,1000.0,140.28571428571428
677,22618,ELAINE DA SILVA MARQUES NASCIMENTO,ELAINE,SERRA DO RAMALHO,PSD,SUPLENTE,4,560.45,560.45,140.1125
678,272,LAZARO ANTONIO SANTOS DE LIMA,LAZARO DE DONA SÔNIA,CRAVOLÂNDIA,REPUBLICANOS,SUPLENTE,5,700.0,700.0,140.0
679,3133,IARA LUCIA DE CARVALHO,PASTORA IARA,SALVADOR,PSC,SUPLENTE,30,4200.0,4525.0,140.0
680,22565,MARTA MARIA PASSOS,MARTA,UBAÍRA,PSD,SUPLENTE,5,700.0,700.0,140.0
681,22682,MARIA TEIXEIRA SOUZA,BIA DE TANDERA,MATINA,PP,SUPLENTE,10,1400.0,1400.0,140.0
682,2911,ERICA DE CASTRO SANTOS,ERICA DE CASTRO,TEOFILÂNDIA,PSD,SUPLENTE,5,700.0,700.0,140.0
683,20876,FRANCISCA BATISTA DA SILVA,FRANCISCA SILVA,JUSSIAPE,PSD,SUPLENTE,1,140.0,140.0,140.0
684,37193,LUCILENE DA SILVA,CILENE,PINDOBAÇU,PP,SUPLENTE,5,700.0,700.0,140.0
685,313,LUCÉLIA PEREIRA ROCHA LOPES,LUCÉLIA ROCHA,VITÓRIA DA CONQUISTA,PSOL,NÃO ELEITO,31,4335.87,4335.87,139.8667741935484
686,29055,NORMA APARECIDA GREGÓRIO DA CONCEIÇÃO,NORMA APARECIDA,SÃO SEBASTIÃO DO PASSÉ,SOLIDARIEDADE,SUPLENTE,18,2513.95,2500.0,139.6638888888889
687,22884,GLEIDE FERREIRA LOPES LEITE,GLEIDE LEITE,SÍTIO DO MATO,PT,NÃO ELEITO,8,1110.45,1110.45,138.80625
688,20408,HELENA NASCIMENTO SILVA,HELENA NASCIMENTO,SALVADOR,PSD,SUPLENTE,29,4000.0,4246.56,137.93103448275863
689,2733,EDINAIDE LOPES DE OLIVEIRA,NAIDE DO ELIZEU,LAPÃO,PSOL,NÃO ELEITO,9,1240.9,0.0,137.8777777777778
690,20560,JUSTINA SOUZA CRUZ,TINA GUERREIRA,MUCURI,DEM,SUPLENTE,25,3440.6000000000004,3465.0,137.62400000000002
691,20686,JULIO ANDRADE PEREIRA,JULIO ANDRADE,SÃO MIGUEL DAS MATAS,PSB,NÃO ELEITO,24,3300.0,3300.0,137.5
692,17922,DAIANE FERREIRA LEAL,DAIANE LEAL,FILADÉLFIA,PT,SUPLENTE,4,550.0,550.0,137.5
693,1758,RITA LEITE DA ROCHA AGUIAR,RITINHA,MALHADA DE PEDRAS,PP,SUPLENTE,4,550.0,600.0,137.5
694,27059,NOBELINO GONÇALVES DE OLIVEIRA,NOBELINO OLIVEIRA,SÃO GABRIEL,PSD,SUPLENTE,8,1100.0,100.0,137.5
695,17726,MÁRCIO RAFAEL ALVES OLIVEIRA,MÁRCIO DE GALEGO,CORRENTINA,PODE,SUPLENTE,64,8760.5,9560.5,136.8828125
696,17747,LUCIA RAMOS DE SOUZA,LUCIA DO ESPORTE,PONTO NOVO,PC do B,SUPLENTE,4,547.0,547.0,136.75
697,22453,ELZA SANTOS DE ALMEIDA,PASTORA ELZA,UTINGA,PT,SUPLENTE,7,956.0,1216.0,136.57142857142858
698,28174,JOSE RODRIGUES DE CERQUEIRA,IRMAO JOSE RODRIGUES,SIMÕES FILHO,SOLIDARIEDADE,SUPLENTE,11,1495.0,1495.0,135.9090909090909
699,14824,TAMIRES SANTOS LOPES,TAMIRES  LOPES,RIBEIRA DO POMBAL,PSD,SUPLENTE,12,1629.85,1629.85,135.82083333333333
700,35075,JAIME SOUZA MIRANDA,JAIME DR,SERRINHA,DC,NÃO ELEITO,5,679.0,679.0,135.8
701,21368,CARLA VIVIANE DA SILVA BARBOSA,VIVI,MADRE DE DEUS,DEM,NÃO ELEITO,42,5701.199999999999,5701.2,135.7428571428571
702,10907,CLAUDIA MAGARAO DE SOUZA,CLAUDIA MAGARAO,LAURO DE FREITAS,PDT,NÃO ELEITO,50,6784.36,6784.360000000001,135.6872
703,13013,PATRICIA MOURA DOS SANTOS LOMANTO,PATRICIA LOMANTO,CANDEIAS,AVANTE,SUPLENTE,37,5000.0,5000.0,135.13513513513513
704,16524,KÁTIA LEAL DOS SANTOS,KÁTIA DE ELISKÁ,JIQUIRIÇÁ,PP,SUPLENTE,9,1216.2,1216.2,135.13333333333333
705,21981,DILEUZA AGUIAR SANTOS,DILEUZA,IBICOARA,PSD,SUPLENTE,2,270.0,270.0,135.0
706,10316,JOSEMAR LUIS NOVAES DA SILVA,JOSEMAR,ARAÇÁS,PSD,SUPLENTE,15,2021.0,2021.0,134.73333333333332
707,32729,ANDREA OLIVEIRA SOUZA,BRANCA DA PRAINHA,VÁRZEA DA ROÇA,PC do B,SUPLENTE,13,1747.45,1900.0,134.41923076923078
708,17697,HÉLIO DE FIGUEREDO NEVES,HÉLIO FIGUEREDO,CORRENTINA,PDT,SUPLENTE,66,8847.0,12447.0,134.04545454545453
709,35898,FABIO NOGUEIRA DE OLIVEIRA,PROF FABIO NOGUEIRA,SALVADOR,PSOL,SUPLENTE,896,120072.74999999999,119771.38999999998,134.00976562499997
710,25396,CRISPINA DOS SANTOS SILVA,CRISPINA,ILHÉUS,PSOL,NÃO ELEITO,14,1874.63,1847.63,133.90214285714288
711,5837,ALZENIR MARIA DA SILVA,ZENIR DO CASTANHÃO,IBIPITANGA,PP,SUPLENTE,25,3338.0,5000.0,133.52
712,34840,ELUCINEIDE SOARES DE CERQUEIRA,LÚ  ELUCINEIDE,TUCANO,PSB,SUPLENTE,8,1066.7,1066.7,133.3375
713,26444,GILVANIA DE JESUS SANTOS,VANIA,ITAGIBÁ,PL,SUPLENTE,3,400.0,900.0,133.33333333333334
714,35182,TAIANE LUZIA SANTOS DA CONCEIÇÃO,TAIANE,SÃO MIGUEL DAS MATAS,PT,SUPLENTE,3,400.0,400.0,133.33333333333334
715,36950,JOCILENE DOS SANTOS MELO,LENINHA DAS AMIGAS,ALAGOINHAS,DEM,SUPLENTE,18,2400.0,2500.0,133.33333333333334
716,249,ANDRÉ ADANIA PEREIRA,ANDREZÃO MOTORISTA,ITUAÇU,PSL,NÃO ELEITO,6,800.0,1425.0,133.33333333333334
717,9545,GISELE SANTOS SILVA,GISELE SANTOS,SALVADOR,DC,SUPLENTE,15,2000.0,2225.0,133.33333333333334
718,22294,NOEMIA PEREIRA DA CONCEIÇÃO,NOCA DE BARRA DO POJUCA,CAMAÇARI,PC do B,NÃO ELEITO,9,1200.0,1320.0,133.33333333333334
719,28869,LEIDIVANIA TADEU FERREIRA LIMA,LEIDI TADEU,RIACHÃO DO JACUÍPE,SOLIDARIEDADE,NÃO ELEITO,9,1200.0,1750.0,133.33333333333334
720,22707,VILMARIO ALVES DE OLIVEIRA,VILMÁRIO DE TINO DO CAMBOATÁ,HELIÓPOLIS,MDB,SUPLENTE,9,1199.0,1399.0,133.22222222222223
721,4958,GILZA SANTANA DA CONCEIÇÃO,GILZA SANTANA,GOVERNADOR MANGABEIRA,MDB,SUPLENTE,4,532.0,532.0,133.0
722,5633,FRANCIANE GUSMAO DE ECA,FRANCIANE GUSMÃO,VITÓRIA DA CONQUISTA,MDB,SUPLENTE,127,16880.6,18025.85,132.91811023622046
723,5452,JEFERSON PARANHOS DOS SANTOS,JEFERSON PARANHOS,LAURO DE FREITAS,PC do B,SUPLENTE,12,1594.0,1185.0,132.83333333333334
724,14171,VALDEMIR AVELINO DE OLIVEIRA,VALDEMIR,NOVO HORIZONTE,PSD,SUPLENTE,10,1325.0,0.0,132.5
725,12715,JAIRO BORGES TEIXEIRA DOS SANTOS,JAIRO MOCIDADE,SÃO FRANCISCO DO CONDE,PP,SUPLENTE,47,6218.0,7520.0,132.29787234042553
726,29068,ROZIMARE MATOS DE OLIVEIRA,ROSI MATOS,PORTO SEGURO,PSC,SUPLENTE,75,9920.0,10748.0,132.26666666666668
727,1770,SUELY BARBOSA DE CASTRO COSTA,SUELY BARBOSA,MEDEIROS NETO,PSC,NÃO ELEITO,2,264.0,345.0,132.0
728,14638,MANOEL MESSIAS PEREIRA BASTOS,NINO DA PRATA,SEABRA,REDE,SUPLENTE,16,2110.0,1500.0,131.875
729,31193,OSMAR ALMEIDA DA SILVA,DR OSMAR,OUROLÂNDIA,PP,SUPLENTE,20,2636.45,2636.45,131.8225
730,36639,ANDREZA DA SILVA MEIRA,ANDREZA MEIRA,JEQUIÉ,PSB,SUPLENTE,8,1050.0,1050.0,131.25
731,19677,MARIA JOSÉ SILVA SANTOS,PROFESSORA ZEZÉ SANTOS,CAETITÉ,PSD,SUPLENTE,130,17000.0,17525.0,130.76923076923077
732,22992,ANA RUBIA NASCIMENTO,ANA RUBIA,LAURO DE FREITAS,CIDADANIA,SUPLENTE,17,2222.22,2222.22,130.71882352941176
733,7482,LILIANE SANTOS ALVES,LILA MEL,ITORORÓ,PP,SUPLENTE,39,5095.8,5181.56,130.66153846153847
734,29002,MARIANA JESUS DOS SANTOS BONFIM,MARIANA,ITUAÇU,PSB,SUPLENTE,8,1045.0,0.0,130.625
735,26220,MIRIAM MOTA VALOIS,MIRIAM DE ALICE,MIGUEL CALMON,PSD,SUPLENTE,41,5337.05,6387.05,130.1719512195122
736,2925,JOSE DE JESUS ARAUJO,ZE PIMENMTA,PRESIDENTE TANCREDO NEVES,REPUBLICANOS,SUPLENTE,8,1040.4,1060.0,130.05
737,27031,JAILDE NUNES DOS SANTOS,JAI ENFERMEIRA,ANTÔNIO GONÇALVES,PSD,SUPLENTE,6,780.0,780.0,130.0
738,32689,MABILIA ANA DOS ANJOS,MABILIA,SEABRA,PSB,SUPLENTE,10,1300.0,0.0,130.0
739,32690,MANOEL LOURENÇO PINTO,MANOEL,SEABRA,PSB,SUPLENTE,10,1300.0,0.0,130.0
740,1308,JOSEVALDO SANTIAGO ARAUJO,JOSEVALDO ARAUJO,CONCEIÇÃO DO COITÉ,PL,NÃO ELEITO,1,130.0,0.0,130.0
741,35042,MANOEL HILMAR NUNES REIS,PROFESSOR HILMAR,TUCANO,PC do B,NÃO ELEITO,13,1685.0,2394.58,129.6153846153846
742,19766,ZULMERINA NOGUEIRA QUEIROZ,ROSE,ENCRUZILHADA,PT,NÃO ELEITO,13,1682.21,2282.21,129.40076923076924
743,33552,ESTER SANTOS DE OLIVEIRA SILVA,ESTER LIDERATTO,FORMOSA DO RIO PRETO,PSC,NÃO ELEITO,9,1161.6,1559.6,129.06666666666666
744,10982,SARA DE OLIVEIRA,SARA DA JURUBEBA,NOVA FÁTIMA,PSB,SUPLENTE,9,1160.45,1160.45,128.9388888888889
745,863,MARISA PINTO DE JESUS,MARISA DE JESUS,SALVADOR,AVANTE,SUPLENTE,175,22514.0,22514.0,128.65142857142857
746,145,JUSIMAR FERNANDES FERREIRA,MAZINHA DE ZÉ MINEIRO,GUAJERU,PSD,SUPLENTE,74,9471.63,10770.43,127.99499999999999
747,20317,LUZINETE GONÇALVES NASCIMENTO FERRUGINE,LUZINETE FERRUGINE,ITANHÉM,PSD,SUPLENTE,43,5500.0,5758.0,127.90697674418605
748,8413,ELISÂNGELA SILVA SOUSA,ELISÂNGELA SOUSA,SALVADOR,CIDADANIA,SUPLENTE,133,17000.000000000004,17000.0,127.81954887218048
749,8420,NÍVEA RAMOS MALVAR,DRA NÍVEA MALVAR,SALVADOR,CIDADANIA,SUPLENTE,141,18000.0,22208.64,127.65957446808511
750,26050,HERMINIA SATIRO DE SOUZA NETA,HERMINIA,IRECÊ,PL,SUPLENTE,84,10699.4,10945.0,127.37380952380951
751,34,MARCIA LUIZA DE JESUS GUERRA,MARCIA GUERRA,IBIRAPUÃ,PTC,SUPLENTE,22,2800.0,2800.0,127.27272727272727
752,13910,EDILZA ROSA DE JESUS,BRANCA,BARRO ALTO,PDT,SUPLENTE,18,2282.0,2282.0,126.77777777777777
753,24722,LEONORA MARIA DE JESUS PEREIRA PEDRONI,INDIA LORA,ITAGIMIRIM,PROS,SUPLENTE,3,380.0,0.0,126.66666666666667
754,14958,ALDANETE FERREIRA SANTOS,NETE DO SÍTIO,ITABUNA,PV,NÃO ELEITO,18,2280.0,2993.0,126.66666666666667
755,23362,EDIVALDO PEREIRA DOS SANTOS,EDIVALDO GOGO,JUAZEIRO,PSD,SUPLENTE,16,2024.45,2084.45,126.528125
756,13189,CARINE JAMILE FEITOSA DA SILVA MAIA,ENFERMEIRA CARINE FEITOSA,BARREIRAS,AVANTE,SUPLENTE,175,22085.0,22489.0,126.2
757,28926,JACKSON ALVES PEREIRA,JACSON ALVES DA VAN,BARREIRAS,PT,NÃO ELEITO,77,9698.6,10598.6,125.95584415584416
758,4977,MARIA ZELIA NERE DOS ANJOS,DÍ DA VILA,CRISTÓPOLIS,PSD,SUPLENTE,27,3400.0,3780.4,125.92592592592592
759,18990,VALNEY SOARES SOUZA,VALNEY SOUZA,SENHOR DO BONFIM,PSL,SUPLENTE,322,40296.00000000001,40300.0,125.14285714285717
760,29168,MARIA ADRIANA DE ARAUJO FERNANDES,ADRIANA,BONINAL,PT,SUPLENTE,8,1000.0,1000.0,125.0
761,13283,ANTONIO MARIO SANTOS,MARIO DA TAUANA CALÇADOS,FÁTIMA,PSB,SUPLENTE,16,2000.0,0.0,125.0
762,34178,ANTONIELSON GOMES ALVES,TONI GUITA,NAZARÉ,DEM,SUPLENTE,4,500.0,500.0,125.0
763,12083,CLEIA RODRIGUES DOS SANTOS,CLEIA,LENÇÓIS,PSB,SUPLENTE,8,1000.0,0.0,125.0
764,13897,ZILDA DE JESUS OLIVEIRA,DONA ZILDA,RIBEIRÃO DO LARGO,REPUBLICANOS,SUPLENTE,2,250.0,250.0,125.0
765,30918,WILSON NOGUEIRA BAHIA,VILSÃO BAHIA,ITANHÉM,PT,NÃO ELEITO,8,1000.0,1658.0,125.0
766,125,JOÃO BATISTA JOSÉ DOS SANTOS,JOÃO RICO PINTOR,TEIXEIRA DE FREITAS,PSOL,NÃO ELEITO,4,500.0,804.3999999999999,125.0
767,20203,NAYARA KATRINE DA CONCEIÇAO SOUZA,NAYARA,SERRA DOURADA,DC,NÃO ELEITO,8,1000.0,1000.0,125.0
768,26093,CLEONICE CAIRES SOBRINHO,CLEO,URANDI,PT,NÃO ELEITO,4,500.0,1100.0,125.0
769,13953,LELITA ROSA MAIA SILVA,LELITA,VÁRZEA NOVA,PT,NÃO ELEITO,8,1000.0,1085.0,125.0
770,6804,KARINE GLICERIA DOS SANTOS,KARINE DO SARINHA,ITABUNA,SOLIDARIEDADE,SUPLENTE,8,1000.0,2129.3,125.0
771,14153,JAQUELINE DE JESUS DA ROCHA,JAQUELINE,NOVO HORIZONTE,PP,SUPLENTE,8,1000.0,0.0,125.0
772,17745,VALDEILTON DE OLIVEIRA,VALDEILTON,ARAÇÁS,AVANTE,NÃO ELEITO,16,2000.0,2000.0,125.0
773,15845,LEIDIANE SOUZA COELHO,GALEGA,LENÇÓIS,PP,SUPLENTE,12,1500.0,1500.0,125.0
774,36881,IRENE REIS BONFIM DOS SANTOS,IRENE,JAGUARARI,PP,SUPLENTE,4,500.0,500.0,125.0
775,32916,VANESA SANTOS DE HUNGRIA,VANESSA,WENCESLAU GUIMARÃES,DEM,SUPLENTE,5,624.25,638.25,124.85
776,35923,VALDECIR FERREIRA QUEIROZ,VALDECIR FERREIRA,SALVADOR,PSOL,SUPLENTE,58,7237.349999999999,7487.09,124.78189655172413
777,9066,HONORINA GONÇALVES DO ROSÁRIO OLIVEIRA,HONORINA,SÃO FRANCISCO DO CONDE,PT,SUPLENTE,24,2983.7999999999997,3412.0,124.32499999999999
778,7193,RENILZA CARNEIRO RIBEIRO,RENE DE BEY,NOVA FÁTIMA,SOLIDARIEDADE,SUPLENTE,29,3600.0,3600.0,124.13793103448276
779,11513,ROSEILMA SILVA DOS SANTOS,ROSEILMA SILVA,PEDRO ALEXANDRE,PSB,SUPLENTE,3,370.0,370.0,123.33333333333333
780,9068,LUIS ADELINO DA SILVA FILHO,MOLETA DO SOCORRO,SÃO FRANCISCO DO CONDE,PT,SUPLENTE,17,2092.0,2492.0,123.05882352941177
781,6865,TEREZINHA DE JESUS NASCIMENTO,TEREZINHA,SALVADOR,PDT,SUPLENTE,33,4056.45,4100.0,122.92272727272727
782,31833,TAIS CANTILHO MAIA,TAIS CANTILHO,ITAMBÉ,PV,NÃO ELEITO,6,736.0,6886.0,122.66666666666667
783,9643,ROSALVA MOREIRA RAMOS,ROSE MOREIRA,GUANAMBI,PV,NÃO ELEITO,32,3925.0,3940.0,122.65625
784,12997,MARIA LÚCIA DA COSTA DE SOUZA,MISSIONARIA MARIA LÚCIA,CANDEIAS,AVANTE,SUPLENTE,45,5500.0,5500.0,122.22222222222223
785,4683,CATARINO RONALDO PINTO DE CARVALHO,CATARINO PINTO,ALAGOINHAS,PSOL,NÃO ELEITO,29,3538.7,10789.0,122.02413793103447
786,24706,ANDRÉIA CARDOSO SILVA,ANDRÉIA,UBAÍRA,MDB,SUPLENTE,12,1461.0,1461.0,121.75
787,16247,ÂNGELA MARIA RICARDO DE SOUZA ALVES,ÂNGELA,LIVRAMENTO DE NOSSA SENHORA,PL,SUPLENTE,9,1095.5,1095.5,121.72222222222223
788,33925,VIVIANE OLIVEIRA ALVES,VIVY OLIVEIRA,ITAPETINGA,DEM,SUPLENTE,35,4255.75,4301.75,121.59285714285714
789,18834,GLAUCIELE DA ROCHA MOREIRA,GAU,MORTUGABA,PT,SUPLENTE,2,242.75,245.0,121.375
790,23236,DANIEL SANTOS SINÉSIO,DANIEL SINÉSIO,PAULO AFONSO,PP,SUPLENTE,33,3999.0,4000.0,121.18181818181819
791,14983,VALDICELIA LOPES CONCEIÇÃO,VAL CENTRO AVANTE,ITABUNA,PSOL,NÃO ELEITO,15,1817.28,1817.28,121.152
792,21912,JOILDO DE AMORIM MENEZES,BILU DA PEDRA DE FOGO,SANTA BÁRBARA,AVANTE,SUPLENTE,130,15744.35,16744.35,121.11038461538462
793,2577,JEANE SOARES DA CONCEIÇÃO,JEANE,CAPIM GROSSO,PC do B,SUPLENTE,5,603.0,630.0,120.6
794,31580,ANTONIO MOURA SANTANA,TORÓ,ITAPARICA,DEM,NÃO ELEITO,20,2410.0,2810.0,120.5
795,36959,DAIANE DURÃES DE OLIVEIRA SANTANA,DAIANE,IBIPEBA,PL,SUPLENTE,7,841.95,841.95,120.27857142857144
796,2328,TERESA FERREIRA MELO,TERESA MELO,SALVADOR,PV,SUPLENTE,28,3364.0,5500.0,120.14285714285714
797,870,NÍVEA MARIA QUEIRÓS TEIXEIRA OLIVEIRA,NÍVEA TEIXEIRA,SALVADOR,AVANTE,SUPLENTE,229,27496.75,27500.0,120.07314410480349
798,36972,TEREZINHA RIBEIRO DE SANTANA,TEREZINHA,PILÃO ARCADO,PP,SUPLENTE,10,1200.0,1200.0,120.0
799,16517,MARIA CLARA FERREIRA DA SILVA,CLARA,JIQUIRIÇÁ,PP,SUPLENTE,1,120.0,120.0,120.0
800,29378,SANDRA OLIVEIRA DE CARVALHO,SANDRA,JAGUARARI,PC do B,SUPLENTE,1,120.0,120.0,120.0
801,20059,LUZIENE DIAS DA SILVA,LUZIENE,PILÃO ARCADO,PP,SUPLENTE,10,1200.0,1200.0,120.0
802,13812,JANIVALDO DE JESUS MOREIRA,NÍ DO MURUNGU,CONCEIÇÃO DO ALMEIDA,PT,NÃO ELEITO,2,240.0,240.0,120.0
803,29046,JESSICA GONZAGA DE VASCONCELOS,JESSICA VASCONCELOS,SÃO SEBASTIÃO DO PASSÉ,SOLIDARIEDADE,SUPLENTE,20,2400.0,2400.0,120.0
804,22529,AMELIA RITA SILVA OLIVEIRA LISBOA,AMELIA DO HOSPITAL,UBAÍRA,PC do B,SUPLENTE,3,360.0,360.0,120.0
805,23094,LUZINEIA RODRIGUES DA SILVA,LUZINEIA,BOM JESUS DA LAPA,PSC,SUPLENTE,20,2399.0,2399.0,119.95
806,1854,VANESSA MOTTA ALVES NEVES,VANESSA DO SALAO,SANTA CRUZ CABRÁLIA,PV,SUPLENTE,30,3581.35,3600.0,119.37833333333333
807,27428,ALEX JULIO DA CONCEIÇÃO SILVA,NEGO LEITE,SANTO ESTEVÃO,PP,SUPLENTE,42,5000.0,5000.0,119.04761904761905
808,25561,ELIZIA FABIANA DA ROCHA,ELIZIA ROCHA,ILHÉUS,PSB,SUPLENTE,42,5000.0,5282.5,119.04761904761905
809,7978,IRACY ALVES DOS SANTOS DUCA,GENINHA,LAGOA REAL,PSD,SUPLENTE,131,15594.32,17500.0,119.0406106870229
810,8724,SIOMARA GUEDES DONATO,SIOMARA,LAPÃO,PSDB,SUPLENTE,10,1190.0,1190.0,119.0
811,27219,ANDREA COSTA DE CASTRO,ANDREA CASTRO,ESPLANADA,PSB,SUPLENTE,96,11410.35,11531.95,118.85781250000001
812,36983,RAQUEL DE CERQUEIRA ROSEIRA NETA,RAQUEL ROSEIRA,TEODORO SAMPAIO,PP,SUPLENTE,8,950.0,950.0,118.75
813,23912,JOSE ALVES DA SILVA DE LIMA,ZE DO TRANSPORTE,MUCURI,MDB,NÃO ELEITO,12,1422.5,1761.0,118.54166666666667
814,35446,ANTÔNIO DE SOUZA SILVA,TOTA PEDREIRO,SANTA MARIA DA VITÓRIA,PC do B,NÃO ELEITO,10,1185.0,1405.0,118.5
815,18139,HÉLIO JOSÉ DE JESUS SANTOS,HÉLIO DE ZÉ DE MATIAS,ARAÇÁS,PSB,NÃO ELEITO,17,2014.0,2014.0,118.47058823529412
816,33080,ILZA DE BRITO BEZERRA SILVA,ILZA BRITO,TREMEDAL,REPUBLICANOS,NÃO ELEITO,7,827.9,910.0,118.27142857142857
817,29215,AÉCIO MENDONÇA RODRIGUES,AÉCIO,BOM JESUS DA LAPA,REDE,NÃO ELEITO,11,1300.0,1300.0,118.18181818181819
818,14697,LEYSLA HRABECHE SOUZA SILVA,LEYSLA HRABECHE,GUANAMBI,REPUBLICANOS,NÃO ELEITO,8,945.0,0.0,118.125
819,14448,IRACI MARIA CORREIA DOS SANTOS,IRACI CORREIA,FEIRA DE SANTANA,PSL,NÃO ELEITO,85,10021.95,10000.0,117.90529411764707
820,23070,FERNANDO CALHEIRO TEIXEIRA,FÊH CALHEIRO,BOM JESUS DA LAPA,PT,SUPLENTE,23,2700.0,2700.0,117.3913043478261
821,9292,HUGO HEITOR VERGUEIRO QUADROS JÚNIOR,HUGO QUADROS JÚNIOR,PAULO AFONSO,PSL,NÃO ELEITO,14,1640.0,2190.0,117.14285714285714
822,31391,ADÃO NASCIMENTO DOS SANTOS,IRMÃO ADÃO,MUTUÍPE,PSC,NÃO ELEITO,6,702.0,702.0,117.0
823,29071,DOMINGAS PEREIRA NUNES,TI DÓ DO UBALDINAO,PORTO SEGURO,PSC,SUPLENTE,77,9000.0,9823.0,116.88311688311688
824,28507,LIETE DE JESUS SANTOS,LIETE SANTOS,RIBEIRÃO DO LARGO,PP,SUPLENTE,8,934.7500000000001,934.75,116.84375000000001
825,15163,SIMONE TEIXEIRA SERAFIM,SIMONE TEIXEIRA,MUCURI,PL,NÃO ELEITO,12,1400.0,1505.0,116.66666666666667
826,4757,IRACI DE JESUS,IRACI DA SAUDE,PRESIDENTE TANCREDO NEVES,PATRIOTA,SUPLENTE,6,698.6,730.0,116.43333333333334
827,18440,ANA TEREZA OLIVEIRA SANTOS,ANA TEREZA,RUY BARBOSA,SOLIDARIEDADE,NÃO ELEITO,43,5000.7,5360.7,116.2953488372093
828,6952,JERFERSON ALVES PESSOA,MESTRE GUDE,SALVADOR,MDB,SUPLENTE,43,5000.0,7227.28,116.27906976744185
829,28273,LUIZ SANTANA DIAS,LUIZ DIAS,SANTA TEREZINHA,PDT,NÃO ELEITO,8,929.79,1000.0,116.22375
830,2602,EVA ROSA DE ALMEIDA SILVA,EVA DE POMBO,PIRIPÁ,PTB,SUPLENTE,12,1393.5,0.0,116.125
831,26056,NARA ROSA DOURADO DANTAS,NARA,IRECÊ,PL,SUPLENTE,52,6032.5,6242.5,116.00961538461539
832,2260,MARIA CECILIA RIBEIRO ANDRADE DE JESUS,TIA CECILIA,SALVADOR,PODE,SUPLENTE,69,8000.01,37422.51,115.94217391304348
833,32092,LILIA MARIA OLIVEIRA DOS SANTOS,LILIA MARIA,ITAMARAJU,PC do B,SUPLENTE,9,1042.0,1042.0,115.77777777777777
834,4693,SANDRA MÁRCIA NOVAES DE OLIVEIRA,SANDRA,LAFAIETE COUTINHO,DEM,SUPLENTE,3,347.0,347.0,115.66666666666667
835,11119,REASILVIA RODRIGUES MOURA DA MOTA,SILVIA MOTA,SERROLÂNDIA,PTB,NÃO ELEITO,32,3695.0,3695.0,115.46875
836,853,CRISTINA FRAIZE DOS SANTOS,CRISTINA DEFENSORA,SALVADOR,AVANTE,SUPLENTE,195,22492.05,22500.0,115.34384615384614
837,19971,ALINE DIAS RODRIGUES,ALINE DA LAGOA DA PEDRA,CANDIBA,MDB,NÃO ELEITO,46,5300.0,6240.0,115.21739130434783
838,35610,DERALDO BATISTA DOS SANTOS,DERALDO SANTOS,SIMÕES FILHO,PSOL,NÃO ELEITO,15,1724.0,2993.93,114.93333333333334
839,17845,PATRÍCIA MAGALHÃES NEVES,PATRÍCIA MAGALHÃES,CORRENTINA,PC do B,SUPLENTE,62,7120.0,7120.0,114.83870967741936
840,10723,ANTONIETA PINHEIRO DOS REIS,NIETA PINHEIRO,SÃO DOMINGOS,MDB,SUPLENTE,42,4814.0,5392.16,114.61904761904762
841,25460,MARCOS AURÉLIO DOS SANTOS LEITE,SUCESSO,CANARANA,PSDB,SUPLENTE,14,1600.0,0.0,114.28571428571429
842,31259,JASIEL SANTIAGO SILVA,JAZA SANTIAGO,IRECÊ,DEM,NÃO ELEITO,14,1600.0,0.0,114.28571428571429
843,31791,TATIANI RODRIGUES DE JESUS CHAVES,TATY MAIA,CACHOEIRA,PP,SUPLENTE,20,2280.0,2280.0,114.0
844,13310,RAUDINEY PEREIRA DOS SANTOS,LOBO RAU CANTOR,SERROLÂNDIA,PSD,SUPLENTE,8,910.9,1644.9,113.8625
845,146,MARTA DA CONCEIÇÃO SANTOS PEREIRA,MARTA DO POSTO,GUAJERU,PSD,SUPLENTE,81,9211.2,10600.0,113.71851851851852
846,33823,ANTONIO CARLOS SOARES DA CRUZ,TONY,CONCEIÇÃO DA FEIRA,PSOL,NÃO ELEITO,21,2386.89,3055.8900000000003,113.66142857142856
847,17027,EDNA CRISTINA OLIVEIRA LIMA,EDNA LIMA,MIGUEL CALMON,SOLIDARIEDADE,SUPLENTE,43,4887.0,7700.0,113.65116279069767
848,8455,QUELEM GUEDES DA SILVA,IRMÃ QUELEM ,SALVADOR,PL,SUPLENTE,176,20000.0,21200.0,113.63636363636364
849,641,LUCIDALVA SANTOS DE SOUZA,LUCIDALVA,MALHADA DE PEDRAS,PSD,SUPLENTE,7,795.04,507.45,113.57714285714285
850,9055,ADEILTON DA SILVA NERES,DEL DO FERRO VELHO,SÃO FRANCISCO DO CONDE,PT,SUPLENTE,26,2951.75,3370.0,113.52884615384616
851,4296,ANTONIO JORGE DOS SANTOS,JORGE MANDACARU,SANTA INÊS,REPUBLICANOS,NÃO ELEITO,9,1021.0,1561.0,113.44444444444444
852,5759,ELZANIRA BATISTA DA SILVA FIGUEIREDO,ELZA,MACAÚBAS,PSD,SUPLENTE,35,3966.66,5266.66,113.33314285714285
853,24842,JORGE TELES DE OLIVEIRA,JORGE DA REFORMA,SAÚDE,PP,NÃO ELEITO,11,1246.0,1246.0,113.27272727272727
854,4,SHIRLEY VITAL DE JESUS,SHIRLEY VITAL,IBIRAPUÃ,PT,NÃO ELEITO,19,2150.0,2150.0,113.15789473684211
855,24071,LEIDINALVA DOS SANTOS SOUZA,LEIDINALVA,MACARANI,REPUBLICANOS,SUPLENTE,4,450.0,450.0,112.5
856,903,ROQUE SOARES GUIMARÃES,ROQUE GUIMARAES,PIRIPÁ,PT,SUPLENTE,29,3261.1,3261.1,112.45172413793104
857,2802,MARIA LUISA DE ANDRADE NEVES,LUISA GATO,SÍTIO DO QUINTO,PSD,SUPLENTE,18,2024.0,2224.0,112.44444444444444
858,35353,MANOEL PEREIRA DA SILVA,VAL DA EDUCAÇÃO,IPECAETÁ,PL,SUPLENTE,18,2018.3,2018.3,112.12777777777778
859,28674,EUFRASIA DA CRUZ PEREIRA,EUFRASIA DA BARRA DO RIO,BRUMADO,PT,SUPLENTE,15,1676.62,42582.62,111.77466666666666
860,629,CRISTIANE MIRANDA DOURADO,CRIS DOURADO,IBIPEBA,PSD,SUPLENTE,18,2010.0,2010.0,111.66666666666667
861,14172,SUZE SILVA ARAUJO DE MENEZES,SUZE,NOVO HORIZONTE,PSD,SUPLENTE,9,1000.0,50.0,111.11111111111111
862,11270,ANA CELMA DOS SANTOS BARAUNA,ANINHA BARAUNA,ITACARÉ,REPUBLICANOS,SUPLENTE,18,2000.0,2075.95,111.11111111111111
863,9346,MARIA RANULFA DE SOUZA,RANULFA SOUZA,EUCLIDES DA CUNHA,REPUBLICANOS,NÃO ELEITO,108,12000.0,12000.0,111.11111111111111
864,6935,MARA LÚCIA BRANDÃO FIGUEIREDO,MARA FIGUEIREDO,SALVADOR,MDB,SUPLENTE,45,5000.0,10769.23,111.11111111111111
865,475,CARMEN MARIA OLIVEIRA,CARMEN OLIVEIRA,CRUZ DAS ALMAS,PP,SUPLENTE,45,5000.0,5000.0,111.11111111111111
866,33933,JUAREZ FONTES DA ROCHA,JUAREZ SERRALHEIRO,ITAPETINGA,DEM,SUPLENTE,27,3000.0,3046.0,111.11111111111111
867,12087,MARIA CRISTINA COSTA ALVES VILELA,CRISTINA ALVES,LENÇÓIS,PSB,SUPLENTE,9,1000.0,0.0,111.11111111111111
868,18140,GILMARA DOS SANTOS LIMA,GIL LIMA,ARAÇÁS,PSB,NÃO ELEITO,18,2000.0,2000.0,111.11111111111111
869,33540,CARLOS RONAYR VIANA DE ARAUJO,PASTOR CARLOS,FORMOSA DO RIO PRETO,PSC,NÃO ELEITO,36,4000.0,4097.6,111.11111111111111
870,10701,ANDRÉA DOS SANTOS LEAL DA CRUZ,ANDRÉA LEAL,LAURO DE FREITAS,PATRIOTA,SUPLENTE,54,5991.349999999999,6000.0,110.95092592592592
871,8,CARLOS OLIVEIRA SANTOS,MAGAL,IBIRAPUÃ,PT,NÃO ELEITO,14,1550.0,1550.0,110.71428571428571
872,36643,VERA LÚCIA SIRQUEIRA DE OLIVEIRA,MISSIONÁRIA VERA ,SANTA INÊS,PC do B,SUPLENTE,2,221.0,221.0,110.5
873,20522,MARIA IZABEL FERREIRA DOS SANTOS,MARIA IZABEL,PILÃO ARCADO,PSD,SUPLENTE,11,1215.0,1215.0,110.45454545454545
874,26777,IRANI CARDOSO DE ALMEIDA,IRANI CARDOSO,CONDE,SOLIDARIEDADE,NÃO ELEITO,1,110.45,115.0,110.45
875,11939,ADAVAI DE SOUSA PORTUGAL,ADAVAI SHOW,CARAÍBAS,REPUBLICANOS,NÃO ELEITO,1,110.45,195.45,110.45
876,23783,SUIANE ROSARIO DA SILVA,PROFESSORA SUIANE,HELIÓPOLIS,PSD,SUPLENTE,57,6287.5,12577.5,110.30701754385964
877,10315,EUNICE SILVA DO BOMFIM,MISSIONARIA EUNICE,ARAÇÁS,PSD,SUPLENTE,19,2095.0,2200.0,110.26315789473684
878,19702,MIKAELA MEIRA POSSATO,MIKAELA POSSATO,LIVRAMENTO DE NOSSA SENHORA,REDE,SUPLENTE,16,1760.9,1760.8999999999999,110.05625
879,25516,NYCOLLE BRAZ DA SILVA,NYCOLLE BRÁZ,SANTO ANTÔNIO DE JESUS,PT,SUPLENTE,6,660.0,660.0,110.0
880,29936,MARINEUZA DO NASCIMENTO,MARINEUZA,CURAÇÁ,PSD,SUPLENTE,11,1210.0,1210.0,110.0
881,15447,MANOELA DOS SANTOS BAHIA,MANOELA BAHIA,UTINGA,PSB,SUPLENTE,6,660.0,2100.3999999999996,110.0
882,12388,MARIA DE LOURDES ROSÁRIO DA COSTA,DONA LURDES,VALENÇA,REDE,NÃO ELEITO,9,990.0,1160.0,110.0
883,31581,BARBARA CRISTINA DA SILVA AMORIM DE SANTANA,BARBARA AMORIM,ITAPARICA,DEM,NÃO ELEITO,1,110.0,110.0,110.0
884,14532,JANAINA OLIVEIRA DA SILVA,JANAINA,NOVO HORIZONTE,PL,SUPLENTE,4,440.0,1440.0,110.0
885,20262,JOSÉ JEOVÁ DA SILVA,JEOVÁ,LENÇÓIS,PSD,SUPLENTE,11,1210.0,1210.0,110.0
886,14450,SINVAL CARLOS BARROS,SINVAL BATISTA,FEIRA DE SANTANA,PSL,NÃO ELEITO,91,10000.0,10000.0,109.89010989010988
887,25906,GESSYCA PEREIRA DOS SANTOS,GESSYCA DO SANTA INEZ,ITABUNA,PC do B,SUPLENTE,11,1208.45,1218.9,109.85909090909091
888,13536,ANA CAROLINA SILVA SANTOS,KAROL DE GUII,NOVA FÁTIMA,PC do B,SUPLENTE,6,658.9,778.0699999999999,109.81666666666666
889,35045,MARCOS ANTONIO RIBEIRO CAMPOS,MARCOS CAMPOS,TUCANO,PC do B,NÃO ELEITO,25,2745.0,2804.58,109.8
890,25563,SENHORA D ASSUNCAO BATISTA DA SILVA,SENHORA D ASSUNCAO,ILHÉUS,PSB,SUPLENTE,53,5815.25,6282.5,109.72169811320755
891,19700,ANILDES DE JESUS SILVA,NILDINHA,LIVRAMENTO DE NOSSA SENHORA,REDE,SUPLENTE,17,1860.45,1860.4499999999998,109.43823529411765
892,16220,MARIA NEUSA OLIVEIRA ALVES DOS SANTOS,NEUSA,MORTUGABA,MDB,SUPLENTE,9,984.02,1785.22,109.33555555555556
893,27688,MARCOS ANDRE OLIVEIRA DA SILVA,MARCOS BARRIGA,SIMÕES FILHO,PSC,SUPLENTE,9,981.0,1000.0,109.0
894,23603,ANTÔNIO MARCOS DOS SANTOS ANUNCIAÇÃO,MARCOS ANUNCIAÇÃO,CAMAÇARI,PSOL,NÃO ELEITO,19,2069.23,2069.31,108.90684210526315
895,45,PATRICIA NERES DE SOUZA,PATY NERES,IBIRAPUÃ,PATRIOTA,SUPLENTE,17,1850.0,1850.0,108.82352941176471
896,2158,DAIANE SANTANA GUIMARAES,DAIANE GUIMARÃES,SALVADOR,PSDB,SUPLENTE,78,8485.5,11586.83,108.78846153846153
897,3179,JACIARA CONCEICAO ALVES,JACI CONCEIÇÃO,SALVADOR,PSC,SUPLENTE,47,5112.0,4828.03,108.76595744680851
898,33450,VALDECI PAULA DOS SANTOS,VALDECI PAULA,SALINAS DA MARGARIDA,PP,SUPLENTE,46,5000.0,5000.0,108.69565217391305
899,10375,NILDA EREMITA MARQUES BATISTA,NILDA DE MANOEL CACHOEIRA,BOTUPORÃ,PP,SUPLENTE,46,4998.799999999999,6000.0,108.6695652173913
900,10915,JOAO GUILHERME DE SANTANA TOSTA,JOAO GUILHERME,LAURO DE FREITAS,PP,SUPLENTE,18,1953.6,2000.0,108.53333333333333
901,22958,PABLO BIRNE TELLES,PABLO TELLES,CAMAÇARI,AVANTE,NÃO ELEITO,132,14325.0,19000.0,108.52272727272727
902,7949,DILMA CARVALHO PESSOA SILVA,DILMA,LAGOA REAL,DEM,SUPLENTE,45,4881.2,6382.4,108.47111111111111
903,17691,LUCYELLEN ARAÚJO DA SILVA,LUCYELLEN  DE FÁBIO DA CAÇAMBA,CORRENTINA,PDT,SUPLENTE,56,6067.0,7567.0,108.33928571428571
904,8301,SOLIMAR FORTUNATO RIBEIRO,PRÓ SOL,SALVADOR,PMN,SUPLENTE,23,2491.7999999999993,2500.0,108.33913043478258
905,7850,EDGAR PASSOS FERREIRA,EDGAR REI MOMO,CANDEAL,PT,SUPLENTE,6,650.0,650.0,108.33333333333333
906,32686,EVANESSA DE OLIVEIRA,VANESSA DE OLIVEIRA,SEABRA,PSB,SUPLENTE,12,1300.0,0.0,108.33333333333333
907,5638,JAMILE MENDES GUSMAO,JAMILE MENDES,VITÓRIA DA CONQUISTA,MDB,SUPLENTE,148,16003.6,17410.0,108.13243243243244
908,9003,MARLI JULIA MENDONÇA SOUZA,MARLI,ÉRICO CARDOSO,PSD,SUPLENTE,15,1620.0,1647.3,108.0
909,28056,ALZINELHA SILVA FARIAS,NEGA DA BIRINDIBA,CANAVIEIRAS,PT,NÃO ELEITO,12,1288.71,1288.71,107.3925
910,28074,ERENITA SILVA DOS ANJOS,ERENITA,ITATIM,PSD,SUPLENTE,16,1716.97,1716.97,107.310625
911,23004,LUCINALDO PEREIRA DOS SANTOS,NALDO DA MERENDA,LAURO DE FREITAS,PSB,NÃO ELEITO,14,1500.0,2576.92,107.14285714285714
912,10341,CRISTINIANA DOS SANTOS CONCEIÇÃO,TATI,ARAÇÁS,PT,SUPLENTE,14,1500.0,1500.0,107.14285714285714
