,NM_CANDIDATO,NM_UE,SG_PARTIDO,DS_SIT_TOT_TURNO,VR_DESPESA_CONTRATADA
6965,VALCIMEIRE SANTOS SILVA,SALVADOR,MDB,SUPLENTE,5000.0
8999,ALCIDE FRANCISCA PEREIRA MARQUES,ÉRICO CARDOSO,PSD,SUPLENTE,1600.0
26006,JESSICA MAIZA OLIVEIRA ROCHA,PARAMIRIM,PL,SUPLENTE,1463.9
23902,GABRIELA DE JESUS SAID,MUCURI,MDB,NÃO ELEITO,1432.6
26014,LINDAURA DE FRANÇA NETA,PARAMIRIM,PL,SUPLENTE,1400.0
12636,MARIANA APARECIDA DE OLIVEIRA,IBIPITANGA,PT,NÃO ELEITO,1350.0
33939,CAMILA SANTOS DE OLIVEIRA,NOVA VIÇOSA,CIDADANIA,SUPLENTE,1106.48
33944,RAFAELA DE ALMEIDA SILVA,NOVA VIÇOSA,CIDADANIA,SUPLENTE,1052.0900000000001
36863,AGNELO JOSÉ PEREIRA,ITUAÇU,PSD,SUPLENTE,1045.0
33483,VILSON CARVALHO DE SOUZA,FORMOSA DO RIO PRETO,AVANTE,SUPLENTE,1000.0
6996,JOSÉ FLÁVIO MEIRA DOS SANTOS,PALMEIRAS,PODE,NÃO ELEITO,1000.0
6729,CARLOS JOSE DOS SANTOS,PINDOBAÇU,MDB,SUPLENTE,1000.0
753,MARCUS LAZARO DOS SANTOS DA COSTA,CRUZ DAS ALMAS,PSD,SUPLENTE,850.0
13904,GLORIETE PEREIRA DAS NEVES,IUIU,PT,SUPLENTE,850.0
35434,ADRIANA SILVA DOS SANTOS ALVIN,SANTA MARIA DA VITÓRIA,PC do B,NÃO ELEITO,680.0
22448,MARIANA SOUZA DOS SANTOS VIENA,UTINGA,PT,SUPLENTE,660.0
13537,JOSE MARIA DOS SANTOS NETO,NOVA FÁTIMA,PC do B,SUPLENTE,658.9
6648,LUCIENE SANTOS DE JESUS,CAMAÇARI,PV,NÃO ELEITO,600.0
35542,ORNELITA DA SILVA SOUZA,CORIBE,PP,NÃO ELEITO,600.0
34876,ITALO MATOS DA SILVA,RUY BARBOSA,PTB,SUPLENTE,600.0
26646,CELIA PEREIRA DOS SANTOS,AIQUARA,PSD,SUPLENTE,520.0
26657,VANDERLEA SILVA DE OLIVEIRA GOMES,AIQUARA,PSD,SUPLENTE,520.0
35233,UBALDO LUIZ MOREIRA VAZ,TEODORO SAMPAIO,PP,SUPLENTE,500.0
9588,NAILTON DOS SANTOS GERTRUDES,CACHOEIRA,REPUBLICANOS,SUPLENTE,500.0
29593,WASHINGTON MARQUES DOS SANTOS,IPECAETÁ,PSD,SUPLENTE,500.0
1121,CLAUDIA MARIA DE OLIVEIRA,CORDEIROS,PSB,SUPLENTE,460.95
2641,CATHARINA FERNANDES ALVES,CACHOEIRA,PC do B,NÃO ELEITO,400.0
29816,MARIA VERÔNICA AGUIAR CUNHA,SÍTIO DO MATO,PSD,SUPLENTE,350.0
14889,MARIA ANGÉLICA CARVALHO CUNHA,GAVIÃO,PSD,SUPLENTE,336.5
419,FELIPE GOMES SIMÕES MATOS,CRUZ DAS ALMAS,PC do B,NÃO ELEITO,300.0
31366,IVANICE ALVES DIAS,BELO CAMPO,PSD,SUPLENTE,290.0
6430,ANA PAULA PEREIRA DA CRUZ,CALDEIRÃO GRANDE,PSD,SUPLENTE,250.6
28750,ANA CRISTINA DE FREITAS NYKIEL SANTANA,ENTRE RIOS,PP,SUPLENTE,250.0
17210,ARIDALVA MACHADO DE AQUINO,SÃO GONÇALO DOS CAMPOS,PSB,SUPLENTE,230.0
31032,MARIA VERONICA DOS SANTOS COUTINHO,LAJE,PDT,SUPLENTE,210.0
26164,CARLOS ALBERTO COUTO RIBEIRO,SÃO MIGUEL DAS MATAS,PDT,SUPLENTE,210.0
36924,MARIA  CLEONICE DA PAIXÃO SENA,SÃO SEBASTIÃO DO PASSÉ,PT,NÃO ELEITO,200.0
12528,RYAN DE QUEIROZ OLIVEIRA,BARROCAS,PSD,SUPLENTE,200.0
12336,MARIA IRANICE DE QUEIROZ AVELINO,BARROCAS,DEM,SUPLENTE,200.0
12341,LUCIANA MOURA DE QUEIROZ SILVA,BARROCAS,DEM,SUPLENTE,200.0
2397,AURICÉLIA SILVA ROCHA,ITAMBÉ,REPUBLICANOS,SUPLENTE,191.2
504,VANDERLEIA PEREIRA ROCHA,ITAGIMIRIM,MDB,SUPLENTE,191.05
25353,RODRIGO RAMOS MATOS,CONCEIÇÃO DO JACUÍPE,MDB,NÃO ELEITO,185.45
22519,LUCINEIDE NOVAES BASTOS,UBAÍRA,PC do B,SUPLENTE,180.0
32861,JACINTO AMORIM DE SOUZA FILHO,CONCEIÇÃO DA FEIRA,PODE,SUPLENTE,169.0
36349,VERA LÚCIA DOS SANTOS,COARACI,PROS,SUPLENTE,150.0
23605,MARCIO ANJOS DOS SANTOS,PORTO SEGURO,PL,SUPLENTE,120.0
32215,HOSANA SEVERINA GERONIMO DA SILVA,EUNÁPOLIS,SOLIDARIEDADE,SUPLENTE,105.0
25199,ANDREIA DANTAS DE OLIVEIRA,ITAPICURU,PT,SUPLENTE,100.0
25476,IVAN DOS SANTOS ARAGÃO,SÃO MIGUEL DAS MATAS,PROS,NÃO ELEITO,100.0
27292,ALEX GOMES DOS SANTOS,ITAPITANGA,REPUBLICANOS,NÃO ELEITO,100.0
27908,CELIA DIAS LAGO,IRAMAIA,PC do B,NÃO ELEITO,96.32
36578,KEILA OLIVEIRA DA SILVA,SERRA PRETA,PT,SUPLENTE,89.0
18767,ADRIANA MACÊDO DE ASSIS,IBICARAÍ,PODE,NÃO ELEITO,56.95
27440,RENATA OLIVEIRA SILVA,ITAPITANGA,PSC,SUPLENTE,50.0
15384,GABRIELA SANTOS DE OLIVEIRA,OLINDINA,DEM,NÃO ELEITO,17.05
26816,IRACI DE ALMEIDA BARBOSA,DÁRIO MEIRA,REPUBLICANOS,SUPLENTE,17.05
11864,EDCEIA FERREIRA BARBOSA,MUCURI,PSD,SUPLENTE,10.1
29,CLAUDIONOR GONÇALVES NASCIMENTO,IBIRAPUÃ,PTC,SUPLENTE,
379,CRISTIANE DE JESUS OLIVEIRA,SÃO FELIPE,PSD,SUPLENTE,
396,REINALDO MOURA DA SILVA SANTANA,CABACEIRAS DO PARAGUAÇU,PSC,NÃO ELEITO,
923,ILEYLDES DOS SANTOS CONCEIÇÃO,CACHOEIRA,PSDB,SUPLENTE,
924,JOSEFA DA CONCEICAO DE SOUZA,CACHOEIRA,PSDB,SUPLENTE,
926,CLEUZA DE JESUS OLIVEIRA,CACHOEIRA,PTB,NÃO ELEITO,
940,ORLANDO DAMASCENO DOS SANTOS,CACHOEIRA,PODE,SUPLENTE,
950,SELMA SIMONE DIAS MACEDO,CACHOEIRA,PODE,SUPLENTE,
972,ROLANDO CARLYLE MORAES DE ASSIS,IBICARAÍ,MDB,NÃO ELEITO,
977,GILVAN DE JESUS SOUZA,PARATINGA,PSD,SUPLENTE,
1006,FABRICIO DE OLIVEIRA COSTA,IBICARAÍ,PSDB,NÃO ELEITO,
1007,SANDY DE JESUS SILVEIRA MATOS,IBICARAÍ,PSDB,NÃO ELEITO,
1009,CHARLES DA SILVA DANTAS,IBICARAÍ,PSDB,NÃO ELEITO,
1013,BETANIA GALVAO SANTOS,IBICARAÍ,DEM,SUPLENTE,
1238,JOSIMAR DE JESUS DOS SANTOS,SÃO FELIPE,PTC,NÃO ELEITO,
1378,STEPHANI BIANCA RODRIGUES SILVA,SANTA BÁRBARA,PTB,SUPLENTE,
1466,GRETE OLIVEIRA LEITE,FEIRA DE SANTANA,AVANTE,NÃO ELEITO,
1587,MARIDALIA MIRANDA SANTOS OLIVEIRA,JACOBINA,PC do B,SUPLENTE,
1612,TACILA QUELLE PEREIRA COSTA,JACOBINA,PL,NÃO ELEITO,
1669,GONÇALO DOS ANJOS DE JESUS,SÃO FÉLIX,DEM,SUPLENTE,
1711,IVETE FRANCISCA DA SILVA MATOS,IPIRÁ,PP,SUPLENTE,
1776,WLLENE BRAGA SANTOS,MEDEIROS NETO,PSB,NÃO ELEITO,
1794,AGDA GOMES DA SILVA,FEIRA DE SANTANA,PSD,SUPLENTE,
1921,PATRICIA MEIRELES BAHIA,AURELINO LEAL,REPUBLICANOS,SUPLENTE,
1980,LUANA DE SANTANA DE JESUS,CRISTÓPOLIS,PRTB,NÃO ELEITO,
1981,RANIEL DE SANTANA DE JESUS,CRISTÓPOLIS,PRTB,NÃO ELEITO,
1982,VITOR MANOEL MARQUES DOS SANTOS,CRISTÓPOLIS,PRTB,NÃO ELEITO,
1983,ALESSANDRO JESUS DA CRUZ,CRISTÓPOLIS,PRTB,NÃO ELEITO,
2079,IZEANE DA SILVA CARVALHO,CANAVIEIRAS,PTC,NÃO ELEITO,
2663,VANUZA MUNIZ SANCHO,CACHOEIRA,PL,SUPLENTE,
2664,ELOIDE CONCEIÇAO DO ROSARIO,CACHOEIRA,PL,SUPLENTE,
2666,LUCIMARA DE SOUZA,CACHOEIRA,PL,SUPLENTE,
2971,FERNANDO SANDES AMARAL,JAGUAQUARA,PSL,NÃO ELEITO,
3051,MAYANA PEREIRA MOURA,CANSANÇÃO,PROS,SUPLENTE,
3273,MARCELO GONÇALVES SENA,MURITIBA,PDT,NÃO ELEITO,
3357,GISLÂINE DE ALMEIDA DOS SANTOS,CRUZ DAS ALMAS,PDT,NÃO ELEITO,
3433,SIDINEI ALVES DOS SANTOS,ARAMARI,PSC,NÃO ELEITO,
3435,SARAJANE CORREIA BATISTA,ARAMARI,PSC,NÃO ELEITO,
3437,DAYANE BATISTA COUTINHO,ARAMARI,PSC,NÃO ELEITO,
3438,GILDARIA DE JESUS SANTOS,ARAMARI,PSC,NÃO ELEITO,
3439,JOSI MEIRE ESTRELLA GOMES,ARAMARI,PSC,NÃO ELEITO,
3524,JOSILENE DA SILVA PEREIRA,RIACHÃO DAS NEVES,PSDB,SUPLENTE,
3556,PAULA DE CARVALHO SANTOS FERREIRA,FEIRA DE SANTANA,PL,SUPLENTE,
3562,AVAILDA BARBOSA PACHECO,IBICUÍ,PC do B,SUPLENTE,
3609,SILMARA SANTOS DA CRUZ,ALAGOINHAS,PTC,NÃO ELEITO,
3897,DEISEANE ISRAELA DE AQUINO DOS SANTOS,VALENÇA,PTC,NÃO ELEITO,
3898,MAILANE VITORIA SANTOS COSTA,VALENÇA,PTC,NÃO ELEITO,
3998,KANANDA DE MELO ALMEIDA,ITABERABA,PC do B,SUPLENTE,
4029,ROZIVAL DE JESUS DOS RES,VALENÇA,MDB,NÃO ELEITO,
4030,MARIA DOMINGAS SANTOS DE JESUS,VALENÇA,MDB,NÃO ELEITO,
4133,WILLIAM SANTOS DE JESUS,ITABUNA,PSDB,NÃO ELEITO,
4134,DJALMA RODRIGUES DA CRUZ,ITABUNA,PSDB,NÃO ELEITO,
4137,FLORISVALDO DOS SANTOS OLIVEIRA,ITABUNA,PSDB,NÃO ELEITO,
4169,ANALITA NASCIMENTO SANTOS,CANAVIEIRAS,PSB,NÃO ELEITO,
4306,FABRICIO SANTOS DA SILVA,SANTA INÊS,REPUBLICANOS,NÃO ELEITO,
4329,ANTONIETA DOS SANTOS OLIVEIRA,FEIRA DE SANTANA,CIDADANIA,SUPLENTE,
4360,ELIENE VIDAL DOS SANTOS,VALENÇA,DC,NÃO ELEITO,
4363,ELIAS SANTANA BOMFIM,VALENÇA,DC,NÃO ELEITO,
4369,JUMARIO DA CONCEIÇÃO SANTOS,VALENÇA,DC,NÃO ELEITO,
4371,PAULO VINICIUS DE JESUS SANTOS,VALENÇA,DC,NÃO ELEITO,
4374,VAGNER DA SILVA CONCEICAO,VALENÇA,DC,NÃO ELEITO,
4377,IVANETE SOUSA DOS SANTOS,VALENÇA,DC,NÃO ELEITO,
4384,MÁRCIO MOREIRA SANTOS,VALENÇA,DEM,SUPLENTE,
4464,NADILTON DE SOUZA CARDOSO,VALENÇA,PV,NÃO ELEITO,
4590,MICHELE BRAGA SCHIRAMM OLIVEIRA,CRUZ DAS ALMAS,CIDADANIA,NÃO ELEITO,
4651,HERMANDO CARDOSO,CANSANÇÃO,PL,SUPLENTE,
4742,AGENILDO DA SILVA,TEOLÂNDIA,PODE,NÃO ELEITO,
5157,APARECIDA DOS SANTOS,PAULO AFONSO,PSOL,NÃO ELEITO,
5522,ANTONIO GOMES DE FREITAS,LAURO DE FREITAS,AVANTE,SUPLENTE,
5525,TATIANA OLIVEIRA SANTOS,IBICARAÍ,PSL,NÃO ELEITO,
5526,VALDINEIA VANESSA SERGIO RIBEIRO,IBICARAÍ,PSL,NÃO ELEITO,
5528,PAULO SERGIO DE OLIVEIRA SALES,IBICARAÍ,PSL,NÃO ELEITO,
5594,CLAUDINEI FONSECA CARDOSO,VITÓRIA DA CONQUISTA,PODE,SUPLENTE,
5708,ANTENAGUARAS SILVA ARRUDA,RIACHÃO DAS NEVES,PSB,SUPLENTE,
5887,AMANDA GRASIELLE DA SILVA MANÇUR,ARAMARI,PROS,NÃO ELEITO,
5888,ELTON LUCIAN BOMFIM QUEIROZ,ARAMARI,PROS,NÃO ELEITO,
5894,AMARILDO ALVES DO ROSARIO,ARAMARI,PROS,NÃO ELEITO,
5895,RAQUEL BATISTA DE SANTANA,ARAMARI,PROS,NÃO ELEITO,
5896,MARIA HELENA ALMEIDA LUZ,ARAMARI,PROS,NÃO ELEITO,
5966,MARCLEY ARAUJO SOUZA,SANTA CRUZ CABRÁLIA,PC do B,NÃO ELEITO,
5968,BENEDITO GONÇALVES SANTANA,SANTA CRUZ CABRÁLIA,PC do B,NÃO ELEITO,
6000,ADRIANA PEREIRA DA SILVA,MUQUÉM DO SÃO FRANCISCO,PSB,SUPLENTE,
6002,IRANETE DO NASCIMENTO OLIVEIRA,MUQUÉM DO SÃO FRANCISCO,PSB,SUPLENTE,
6007,CRISTIANE GOMES DE SANTANA,MUQUÉM DO SÃO FRANCISCO,PSB,SUPLENTE,
6151,JOICE SOUSA SILVA,TUCANO,PSL,NÃO ELEITO,
6152,CLAUDIO MIRANDA DA SILVA,TUCANO,PSL,NÃO ELEITO,
6157,AMANDA FERREIRA DE SOUZA LISBOA,TUCANO,PSL,NÃO ELEITO,
6158,VALDINEIA XAVIER FAGUNDES,TUCANO,PSL,NÃO ELEITO,
6342,ANTONIO CESAR VILANOVA COSTA,JANDAÍRA,CIDADANIA,SUPLENTE,
6434,CLAUDIA DE AZEVEDO LIMA,CALDEIRÃO GRANDE,PSD,SUPLENTE,
6555,ANDREA DO ESPIRITO SANTO RIOS,CACHOEIRA,SOLIDARIEDADE,NÃO ELEITO,
6665,ANDERSON LEAO DE LIMA,CAMAÇARI,PV,NÃO ELEITO,
6702,JULIA BARBOSA DOS SANTOS,JUAZEIRO,PATRIOTA,SUPLENTE,
7405,BRENDA SANTANA TELES,BREJÕES,REDE,SUPLENTE,
7617,MARIA DE BROTAS DE JESUS SOUSA,FIRMINO ALVES,PSB,NÃO ELEITO,
8027,ANA MARIA GOMES BOAVENTURA,FEIRA DE SANTANA,PATRIOTA,SUPLENTE,
8036,VALDILENE FELIX DE JESUS,FEIRA DE SANTANA,PATRIOTA,SUPLENTE,
8347,GILBERLAN MELLO ALVES,PAU BRASIL,PSB,NÃO ELEITO,
8361,RENILDA SILVA REIS,VERA CRUZ,PSD,SUPLENTE,
8368,JACIRA MAY MENEZES,VERA CRUZ,PSD,SUPLENTE,
8590,DIEDO FRANCISCO MOURA ASSIS,MADRE DE DEUS,DC,NÃO ELEITO,
8592,JOSE PARAISO DOS SANTOS FILHO,MADRE DE DEUS,DC,NÃO ELEITO,
9076,VENCESLAU MASSAU DOS SANTOS NETO,SÃO FRANCISCO DO CONDE,PSDB,NÃO ELEITO,
9246,WILKER DE SOUSA TIMOTEO,PAULO AFONSO,PODE,SUPLENTE,
9331,AURICELIO RIBEIRO RODRIGUES,GENTIO DO OURO,PSD,SUPLENTE,
9336,FARAILDES OLIVEIRA BASTOS,GENTIO DO OURO,PSD,SUPLENTE,
9465,CARLA DAIANE DA SILVA CAPISTRANO,UAUÁ,PDT,SUPLENTE,
9590,LUIZ DA SILVA SANTOS FILHO,CACHOEIRA,REPUBLICANOS,SUPLENTE,
9726,JOSE DENILSON MACEDO DE SOUZA FILHO,APORÁ,PP,SUPLENTE,
9815,EDILZA MARIA DE JESUS,ITUBERÁ,PT,SUPLENTE,
9907,VALDIRENE SANTOS DA CRUZ,ITUBERÁ,PSB,SUPLENTE,
9959,TELMA PEREIRA SANTOS DA CRUZ,SOBRADINHO,SOLIDARIEDADE,NÃO ELEITO,
9967,ANA PAULA DA SILVA,SOBRADINHO,SOLIDARIEDADE,NÃO ELEITO,
10046,EDNA SIMÕES SALOMÃO BATISTA,INHAMBUPE,PROS,SUPLENTE,
10198,NEURACI RODRIGUES DOS SANTOS,IBOTIRAMA,PT,SUPLENTE,
10264,JEFFERSON MARTINS DE SOUZA,BARRO PRETO,PODE,SUPLENTE,
10410,RAILDA DOS SANTOS SILVA,UMBURANAS,PSD,SUPLENTE,
10412,JÉSSICA GUIMARÃES LUCENA,UMBURANAS,PSD,SUPLENTE,
10417,REGINALDO DA SILVA GAMA,UMBURANAS,PSD,SUPLENTE,
10523,HELDER DE MOURA SILVA,JUAZEIRO,PTC,SUPLENTE,
10527,ALBERTO CESAR CONCEIÇAO,UBATÃ,PSD,NÃO ELEITO,
10560,REGINALDA SILVA DE SA,FEIRA DE SANTANA,PODE,NÃO ELEITO,
10665,SUIANE DE SANTANA COSTA,SÃO GONÇALO DOS CAMPOS,PDT,NÃO ELEITO,
10770,LUIZ EDUARDO ARLEO BARBOSA DE CERQUEIRA,ILHÉUS,MDB,NÃO ELEITO,
10898,DANIEL MOREIRA REIS,LAURO DE FREITAS,PDT,NÃO ELEITO,
10950,CAROLINE MELO OLIVEIRA LIMA,LAURO DE FREITAS,PSDB,SUPLENTE,
11008,MARIA REGINA SANTANA LISBOA,PAU BRASIL,PSD,SUPLENTE,
11050,ALISSON DA CRUZ SANTOS,ALAGOINHAS,PL,SUPLENTE,
11066,ZENILDA DE JESUS LISBOA,TEOLÂNDIA,PT,SUPLENTE,
11067,RITA DE JESUS LISBOA,TEOLÂNDIA,PT,SUPLENTE,
11255,SANTINA MARIA DE JESUS,CONDEÚBA,PSD,SUPLENTE,
11256,FLODERNICE ROSA DE JESUS SILVA,CONDEÚBA,PSD,SUPLENTE,
11316,JOCELIA SANTOS SILVA,ITAQUARA,PSB,SUPLENTE,
11318,MARIA DA CONCEIÇÃO SANTANA DE SOUZA,ITAQUARA,PSB,SUPLENTE,
11327,CLEUSA DOS SANTOS OLIVEIRA,JAGUAQUARA,PSD,SUPLENTE,
11370,JHENIFFER SILVA DOS SANTOS,ITAMARAJU,PSOL,NÃO ELEITO,
11672,HELIECILIA BRITO FERNANDES GUIMARAES,RIO DO ANTÔNIO,PROS,NÃO ELEITO,
11702,LUCIANA SOUZA NORONHA,ENTRE RIOS,CIDADANIA,NÃO ELEITO,
11835,LORRAINE VIEIRA ALMEIDA,NOVA VIÇOSA,DEM,SUPLENTE,
11846,KATRINE SANTOS DA SILVA,UBATÃ,MDB,SUPLENTE,
11860,JOSÉ SISTERNAS ASSUNÇÃO JUNIOR,MUCURI,PSD,SUPLENTE,
11888,SUELI DO AMARAL SOARES MOTA,MUCURI,PROS,SUPLENTE,
11901,FELIPE SOUZA FERNANDES DA SILVA,UBATÃ,DEM,NÃO ELEITO,
11942,ANDRE SANTOS DE SANTANA,MATA DE SÃO JOÃO,CIDADANIA,NÃO ELEITO,
11994,GLAUBER RAMOS ROCHA,MATA DE SÃO JOÃO,DEM,SUPLENTE,
12208,EDVALDO DOS SANTOS AMORIM,MARAGOGIPE,PTC,NÃO ELEITO,
12266,VINICIUS DE ALMEIDA PINHO,SERRINHA,PODE,NÃO ELEITO,
12322,LORRAYNE OLIVEIRA ANGELO,BARROCAS,PT,SUPLENTE,
12334,JANIO ALVES LIMA,BARROCAS,DEM,SUPLENTE,
12346,DANILO DE SOUZA OLIVEIRA MIRANDA,BARROCAS,DEM,SUPLENTE,
12468,GERONCIO DE BRITO SANTOS,VALENÇA,PSD,SUPLENTE,
12479,JOSEMARI CONCEICAO PINHO,VALENÇA,PSL,NÃO ELEITO,
12482,IVANIA DOS SANTOS,VALENÇA,PSL,NÃO ELEITO,
12519,GABRIELA DE OLIVEIRA SILVA,BARROCAS,PSD,SUPLENTE,
12521,LAIANA SILVA DE JESUS QUEIROZ,BARROCAS,PSD,SUPLENTE,
12622,MIGUEL SANTOS DA SILVA,ILHÉUS,DC,NÃO ELEITO,
12695,JOSÉ DEILTON RODRIGUES PIRES,UBAITABA,PSC,NÃO ELEITO,
12760,JACKELINE CRUZ DA SILVA,IRAJUBA,DEM,SUPLENTE,
12821,MILLENA ALVES FERREIRA,JUAZEIRO,PATRIOTA,SUPLENTE,
13571,CRISTIANO DA SILVA SANTANA,ARAMARI,PT,NÃO ELEITO,
14007,GENIVANIA PINHEIRO DA SILVA SOUSA,JUAZEIRO,PDT,SUPLENTE,
14011,GLEICE FERREIRA DE OLIVEIRA,JUAZEIRO,PDT,SUPLENTE,
14019,POLIANA ALCANTARA FONSECA,JUAZEIRO,PDT,SUPLENTE,
14276,ROSANA SANTOS DE JESUS,ITABERABA,DC,NÃO ELEITO,
14286,ANDERSON SANTOS DE CARVALHO ROCHA,NOVA REDENÇÃO,REDE,NÃO ELEITO,
14763,ROGERIO BARBOSA DE OLIVEIRA,WENCESLAU GUIMARÃES,PT,SUPLENTE,
14798,ELIANE DE JESUS QUEIROZ SILVA,ITAQUARA,PSD,SUPLENTE,
14944,MARIA PERPETUA CARVALHO CORTES,LAJEDÃO,DEM,SUPLENTE,
14969,SABRINA DE SOUZA ALMEIDA,ITABUNA,MDB,NÃO ELEITO,
14997,MARIZE NERY SANTOS,GONGOGI,PC do B,SUPLENTE,
15016,KÉSIA PEREIRA DE SANTANA,ITABUNA,CIDADANIA,SUPLENTE,
15064,ANA PAULA DIAS SANTOS,ITORORÓ,PT,SUPLENTE,
15069,NILDA ROSA DOS SANTOS,ITORORÓ,PT,SUPLENTE,
15075,GILEAIDE SILVA COSTA AMARAL,ITORORÓ,PT,SUPLENTE,
15076,MARIA GENIRA MOTA RAMOS,ITORORÓ,PT,SUPLENTE,
15112,CAREM AMABELE PEREIRA DE ALMEIDA SANTOS,NOVA VIÇOSA,PSL,NÃO ELEITO,
15418,RAINE ANDRADE DE ASSIS,MARAGOGIPE,PL,SUPLENTE,
15481,LUCAS ANTONIO LEITE SALES,MARAGOGIPE,PP,NÃO ELEITO,
15487,POLIANA DA SILVA PINHEIRO,MARAGOGIPE,PP,NÃO ELEITO,
15515,SELMA CONCEICAO DAS NEVES,ENTRE RIOS,PROS,NÃO ELEITO,
15521,DAIANE DOS SANTOS VIDAL,ENTRE RIOS,PROS,NÃO ELEITO,
15523,JANINE DA CRUZ REIS SANTOS,ENTRE RIOS,PROS,NÃO ELEITO,
15525,CRISTIANE NERY VIDAL,ENTRE RIOS,PROS,NÃO ELEITO,
15578,CREUZA MARTINS DOS SANTOS,ITABUNA,PTC,SUPLENTE,
15583,TELMA ALVES DOS SANTOS BITTENCOURT,ITABUNA,PTC,SUPLENTE,
15589,VERA LÚCIA LIMA SANTOS,ITABUNA,PTC,SUPLENTE,
15998,JAILTON OLIVEIRA LIMA,IBIRAPITANGA,PP,SUPLENTE,
16116,CARLA SANTOS,SÃO FRANCISCO DO CONDE,PC do B,NÃO ELEITO,
16120,EDERVANDO DE OLIVEIRA SALES,SÃO FRANCISCO DO CONDE,PC do B,NÃO ELEITO,
16123,LEANDRO GOMES DOS SANTOS,SÃO FRANCISCO DO CONDE,PC do B,NÃO ELEITO,
16304,THIAGO SILVA DE CARVALHO,SOBRADINHO,PL,SUPLENTE,
16316,VANESSA ASSIS DE OLIVEIRA,POTIRAGUÁ,REPUBLICANOS,SUPLENTE,
16337,CRISTIANE PEREIRA DA SILVA,POTIRAGUÁ,MDB,SUPLENTE,
16525,RAILANDE DOS SANTOS,CANDEIAS,PT,NÃO ELEITO,
16840,JOSE DA SILVA SANTOS,ITANAGRA,DEM,NÃO ELEITO,
16842,MÁRCIA PARIZ MORAIS,ITANAGRA,DEM,NÃO ELEITO,
17074,GRAZIELLE CARDOSO ANDRADE,OLINDINA,PSD,SUPLENTE,
17157,NATALI MACHADO LEAO TOME,SÃO GONÇALO DOS CAMPOS,PT,SUPLENTE,
17160,FABIOLA PEREIRA DOS SANTOS,SÃO GONÇALO DOS CAMPOS,PT,SUPLENTE,
17161,GABRIELY CORREIA SANTIAGO,SÃO GONÇALO DOS CAMPOS,PT,SUPLENTE,
17198,EZIQUIEL CORREIA DE JESUS,SÃO GONÇALO DOS CAMPOS,PSB,SUPLENTE,
17260,FERNANDA PEREIRA DE SANTANA,OLINDINA,PODE,NÃO ELEITO,
17263,SANDRA MARIA DE OLIVEIRA MENEZES,OLINDINA,PODE,NÃO ELEITO,
17286,JUCILEIDE CASTRO MOREIRA,VERA CRUZ,PP,SUPLENTE,
17456,ALDO ESCOBAR DA CRUZ,COTEGIPE,PP,SUPLENTE,
17563,SOLON CRUZ DE OLIVEIRA,SERRINHA,PSC,NÃO ELEITO,
17707,LAURA PEREIRA SANTOS DE ALMEIDA,POJUCA,PC do B,NÃO ELEITO,
17902,NUMERIANO IZEQUIEL DA SILVA NETO,AMÉRICA DOURADA,PT,SUPLENTE,
17934,ELIANA GONÇALVES FERREIRA,IBICARAÍ,REPUBLICANOS,NÃO ELEITO,
18021,UILTON ALVES CARDOSO,CENTRAL,PSC,NÃO ELEITO,
18136,RITA DE CASSIA MENEZES DE SOUSA,ARAÇÁS,PSB,NÃO ELEITO,
18140,LINDISVAN BALBINO DA SILVA,PAULO AFONSO,PSOL,NÃO ELEITO,
18144,ELAINE ALMEIDA SOUZA,JEQUIÉ,REPUBLICANOS,SUPLENTE,
18147,VITÓRIA SANTOS SAMPAIO,JEQUIÉ,REPUBLICANOS,SUPLENTE,
18227,VANDIQUE PEREIRA DOS SANTOS,CÂNDIDO SALES,PTB,NÃO ELEITO,
18296,LEANDRO RODRIGUES ROSA,IBICARAÍ,PSD,SUPLENTE,
18574,MARCELO OLIVEIRA SANTOS,VITÓRIA DA CONQUISTA,PTC,SUPLENTE,
18613,GILDARIO BISPO DE SOUZA,ALAGOINHAS,PATRIOTA,NÃO ELEITO,
18615,RAIMUNDA SILVA SOUZA,ALAGOINHAS,PATRIOTA,NÃO ELEITO,
18766,ADRIANA MOTA DE ASSIS,IBICARAÍ,PODE,NÃO ELEITO,
18774,ANTONIO MARCOS LEVINA,IBICARAÍ,PODE,NÃO ELEITO,
19173,JOSÉ NILTON DE ARAÚJO,ITAPEBI,PSD,SUPLENTE,
19238,COSME DE MELO FERRAZ,JUCURUÇU,PP,SUPLENTE,
19258,MARIA CLICIA DE JESUS SOUZA,UNA,DEM,SUPLENTE,
19266,PAULO BISMARK BORGES PEIXOTO,PORTO SEGURO,PDT,NÃO ELEITO,
19270,ADAILSON RELIQUIAS DOS SANTOS,PORTO SEGURO,PDT,NÃO ELEITO,
19829,DARLANE MEIRA CUNHA,BOM JESUS DA SERRA,PROS,SUPLENTE,
19932,FATIMA PATRICIA DA SILVA,JUAZEIRO,REDE,SUPLENTE,
19947,EDIVANI DOS SANTOS SOUZA,JUAZEIRO,REDE,SUPLENTE,
19949,MARIA IZABEL CABRAL MARTINS,JUAZEIRO,REDE,SUPLENTE,
20013,LAIS SOUZA MENEZES,BARRA DO ROCHA,MDB,SUPLENTE,
20031,THAIS OLIVEIRA DE SOUZA,BELMONTE,DEM,SUPLENTE,
20033,DENISE SILVA SANTOS,BELMONTE,DEM,SUPLENTE,
20035,STEFANI NEVES LAPA,BELMONTE,DEM,SUPLENTE,
20088,ELIVANE OLIVEIRA DOS SANTOS,BELMONTE,PSD,SUPLENTE,
20117,MANOEL ILMO BRAGA OLIVEIRA,BOM JESUS DA SERRA,PC do B,SUPLENTE,
20132,EDUARDO COSTA GALVÃO,NOVA ITARANA,DEM,SUPLENTE,
20259,MARIA RAIMUNDA VIEIRA DE OLIVEIRA,ITANHÉM,PTB,SUPLENTE,
20262,GENILZA MENDES MACHADO DA SILVA,ITANHÉM,PTB,SUPLENTE,
20420,RICARDO ADALBERTO CORREIA DOURADO,ITANHÉM,PROS,NÃO ELEITO,
20449,EDILSON BATISTA DE SOUZA,CAETITÉ,PSDB,SUPLENTE,
20646,ALEXANDRO DIAS UCHÔA,CONDE,PT,SUPLENTE,
20750,MARIA STELITA DE SEIXAS PEREIRA LIMA,ACAJUTIBA,PODE,SUPLENTE,
20840,LUCINÉIA DIAS DA SILVA,MACARANI,PL,SUPLENTE,
20847,ROZINELIA SOUZA GOMES,MACARANI,PL,SUPLENTE,
20852,ROBSON SOUZA SILVA,MACARANI,PTB,NÃO ELEITO,
20914,MARIA CRISTINA DE MATOS MASCARENHAS,GANDU,PL,SUPLENTE,
21137,JOSENEI FERREIRA BORGES,SALVADOR,PSL,SUPLENTE,
21363,EGBERTO NERES DOS SANTOS,MADRE DE DEUS,DEM,NÃO ELEITO,
22107,CARLA DA CRUZ SEARA,BELMONTE,PC do B,SUPLENTE,
22228,KELLY DO NASCIMENTO BARBOSA,PILÃO ARCADO,PC do B,NÃO ELEITO,
22250,PALOMA TELES GOIS,BONITO,PSB,SUPLENTE,
22254,RAFAELLA DOS REIS SIMOES,BOM JESUS DA LAPA,DEM,SUPLENTE,
22331,SAULA DE FREITAS SANTOS,ALAGOINHAS,DC,NÃO ELEITO,
22340,TATIANE RAMOS DE JESUS FREITAS,ALAGOINHAS,DC,NÃO ELEITO,
22343,LUCINEIDE DE JESUS NEGREIRO,ALAGOINHAS,DC,NÃO ELEITO,
22459,EDUARDO LUCAS SANTOS,URUÇUCA,PP,SUPLENTE,
22531,ADRIANA BOTELHO DOS SANTOS,SAUBARA,PDT,NÃO ELEITO,
22602,SILAS DA COSTA SILVA,CAMPO ALEGRE DE LOURDES,PSL,NÃO ELEITO,
22685,EMANUEL GUIMARÃES SANTOS,ITACARÉ,AVANTE,NÃO ELEITO,
22922,FLÁVIA MARCOLINO DE OLIVEIRA,CÂNDIDO SALES,PSOL,NÃO ELEITO,
22955,VALDINÉA CONCEIÇÃO NOPES,CAMAÇARI,AVANTE,NÃO ELEITO,
23169,SILVIONEIDE RIBEIRO DE SOUZA,LAURO DE FREITAS,MDB,NÃO ELEITO,
23180,RAILANA MEDEIROS FERREIRA DA CRUZ,LAURO DE FREITAS,MDB,NÃO ELEITO,
23186,RAFAEL BRANDAO ANDRADE,LAURO DE FREITAS,MDB,NÃO ELEITO,
23192,LARISSA DE JESUS BISPO,LAURO DE FREITAS,MDB,NÃO ELEITO,
23251,ERNESTO ROCHA FILHO,VITÓRIA DA CONQUISTA,PP,SUPLENTE,
23326,JUBERLANDIA IDALINA ARAUJO,LUÍS EDUARDO MAGALHÃES,PSL,NÃO ELEITO,
23349,HOZANA DARCKLEN ALVES LEITE,JUAZEIRO,PSD,SUPLENTE,
23406,MARIA DE LOURDES RIBEIRO DE ALMEIDA,LUÍS EDUARDO MAGALHÃES,REDE,NÃO ELEITO,
23799,HENRIQUE SOARES VALADARES,LUÍS EDUARDO MAGALHÃES,PSDB,SUPLENTE,
23866,JISLAINE RODRIGUES DA CRUZ,MACURURÉ,PDT,SUPLENTE,
23873,PRISCILA SOUZA DO NASCIMENTO SILVA,MACURURÉ,PDT,SUPLENTE,
23879,JESSICA SILVA SANTOS,MATA DE SÃO JOÃO,PL,NÃO ELEITO,
23925,JURANDIR DE JESUS,ITANAGRA,PSL,NÃO ELEITO,
23926,ANDRESA SANTOS CRUZ,ITANAGRA,PSL,NÃO ELEITO,
24042,ANDRESSA SILVA BONFIM,CAETANOS,PSB,NÃO ELEITO,
24239,VILMA SILVA REIS,URUÇUCA,DEM,SUPLENTE,
24321,COSMIRANDA LOPES DOS SANTOS,URUÇUCA,PSDB,SUPLENTE,
24341,ELENICE DELFINO DE SOUZA,LUÍS EDUARDO MAGALHÃES,PDT,SUPLENTE,
24431,ANILZETE BRITO DOS SANTOS,SANTO ANTÔNIO DE JESUS,PSL,NÃO ELEITO,
24641,MARIA INÊS BATISTA DA SILVA,SANTO ANTÔNIO DE JESUS,PDT,NÃO ELEITO,
24652,MICHELE OLIVEIRA VIRGENS,ITARANTIM,AVANTE,NÃO ELEITO,
24699,FABIO CERQUEIRA TORRES,UBAÍRA,MDB,SUPLENTE,
24747,ALINE BARBOSA SANTOS,IBIRATAIA,PL,SUPLENTE,
24751,JENAILDES RIBEIRO DA SILVA,IBIRATAIA,PL,SUPLENTE,
24800,NAIARA TEIXEIRA SANTOS,IBICUÍ,PATRIOTA,NÃO ELEITO,
24809,IVONE LIMA DE SOUZA,OLINDINA,PSB,SUPLENTE,
24810,MARIA ZULEIDE SOARES DE ANDRADE,OLINDINA,PSB,SUPLENTE,
24812,RAIMUNDA LIMA DOS SANTOS,OLINDINA,PSB,SUPLENTE,
24848,IVAN EÇA MENEZES SEGUNDO,UBAÍRA,PP,SUPLENTE,
24895,DOMINGOS SAYD SILVA,ITABELA,PT,NÃO ELEITO,
24896,JOSÉ ROBERTO ALVES DE JESUS,ITABELA,PT,NÃO ELEITO,
25002,REGINALDO SANTOS SOUZA,SANTO ANTÔNIO DE JESUS,MDB,SUPLENTE,
25105,JOÃO VIANA ALVES,GUARATINGA,PSDB,NÃO ELEITO,
25188,WELLINGTON FRANCISCO JOSE DA SILVA,SANTA CRUZ CABRÁLIA,PMN,NÃO ELEITO,
25194,WENDELL FREITAS SANTOS,SANTA CRUZ CABRÁLIA,PMN,NÃO ELEITO,
25616,ADRIELLE TELES DA SILVA,ILHÉUS,CIDADANIA,NÃO ELEITO,
25663,RAVENA DA SILVA OLIVEIRA,ILHÉUS,PSDB,SUPLENTE,
25731,RENATA ALVES SANTOS,JACOBINA,PP,SUPLENTE,
25733,LORENA GARCIA PASSOS MESQUITA VELLOSO,JACOBINA,PP,SUPLENTE,
25736,VANUBIA FERREIRA RIOS,JACOBINA,PP,SUPLENTE,
25737,VALERIA SILVA LEITE,JACOBINA,PP,SUPLENTE,
25755,GILMAR BARBOSA DA SILVA,SENHOR DO BONFIM,PDT,NÃO ELEITO,
25769,HILZETE MOREIRA DA SILVA E SILVA,CRAVOLÂNDIA,PP,SUPLENTE,
25800,MOACYR CARLOS ALMEIDA SANTOS,CRAVOLÂNDIA,PT,NÃO ELEITO,
25812,DETANIA MARIA DOS SANTOS,NOVA SOURE,PT,SUPLENTE,
25949,FELIPE LEONARDO CORREIA LUZ,POÇÕES,PSD,SUPLENTE,
25982,MANOELA DOS SANTOS,CIPÓ,PODE,NÃO ELEITO,
25983,BRUNO DO NASCIMENTO MOREIRA,MUCURI,PV,NÃO ELEITO,
26019,MARIA DA CONCEIÇÃO COSTA OLIVEIRA,MIGUEL CALMON,PP,SUPLENTE,
26160,GERALDO LOPES SOUZA,SÃO MIGUEL DAS MATAS,PDT,SUPLENTE,
26199,DAILTON SOUZA NASCIMENTO,SERRA PRETA,PTC,NÃO ELEITO,
26224,ELIANE RODRIGUES DE OLIVEIRA,BREJÕES,PDT,SUPLENTE,
26489,DALVA LOBO VIANA,ITABUNA,PSC,NÃO ELEITO,
26584,MAIARA DOS SANTOS DE JESUS,IBIRAPITANGA,PL,NÃO ELEITO,
26676,ISMAR SOUSA MENEZES,AIQUARA,DEM,NÃO ELEITO,
26722,EDINEUSA DE JESUS SILVA,ITAMARI,PP,SUPLENTE,
26794,IARA FARIAS DA SILVA LIMA RORIZ,MALHADA,AVANTE,SUPLENTE,
26800,VALÉRIA SANTANA DOS SANTOS RIBEIRO,CARINHANHA,AVANTE,NÃO ELEITO,
26822,PAULO CEZAR DE MORAIS SILVA,DÁRIO MEIRA,REPUBLICANOS,SUPLENTE,
26838,MARIA DO CARMO BENTO DA SILVA,JUAZEIRO,DC,SUPLENTE,
26862,CLECIANI CONCEIÇÃO SANTOS,JUAZEIRO,DC,SUPLENTE,
26875,KATISCIUCIA DE SOUZA SALES,ACAJUTIBA,PSD,SUPLENTE,
26932,SALONISIA SOUZA FONSECA,IBIRATAIA,PP,NÃO ELEITO,
26965,ITALO RAMOS ALVES,CONDE,PSDB,NÃO ELEITO,
26967,ELIZABETE MARIA DA CONCEIÇÃO,CONDE,PSDB,NÃO ELEITO,
26987,MARILEIDE ALVES DA COSTA,IRECÊ,PROS,NÃO ELEITO,
27106,MARIORLEIDE VIEIRA SILVA BRITO,MACARANI,MDB,SUPLENTE,
27307,PEDRO DA CONCEIÇÃO BRAZ,PORTO SEGURO,PT,NÃO ELEITO,
27370,NIRVANA CELESTE CARVALHAL FRANÇA,SIMÕES FILHO,PSD,SUPLENTE,
27547,NILZETE PEREIRA,CATU,PTC,NÃO ELEITO,
27599,VERA LUCIA SAMPAIO DA SILVA,DÁRIO MEIRA,PP,SUPLENTE,
27635,ANDERSON LEITE DE FREITAS,ALMADINA,PP,SUPLENTE,
27664,LUIS GONZAGA PINTO LOPES,SIMÕES FILHO,PSC,SUPLENTE,
27736,KELLY DA SILVA SANTANA,SIMÕES FILHO,PROS,NÃO ELEITO,
27743,PATRICIA BARROS DE ARAÚJO,FORMOSA DO RIO PRETO,DEM,SUPLENTE,
27749,MAIRE TEIXEIRA DE ARAÚJO,FORMOSA DO RIO PRETO,DEM,SUPLENTE,
27803,MARIA DAMASIO DOS SANTOS,GUARATINGA,PT,SUPLENTE,
27836,MORENO CARNEIRO SEGUCHI,EUNÁPOLIS,REDE,NÃO ELEITO,
27911,BRUNO DOS SANTOS,IRAMAIA,PC do B,NÃO ELEITO,
27975,NANCI SOARES DE SOUZA,SIMÕES FILHO,PSDB,SUPLENTE,
27990,MARIA SIRLEIDE BATISTA DE ARAÚJO,INHAMBUPE,PDT,NÃO ELEITO,
28030,WESLEY ROCHA ANDRADE,PRADO,PSL,NÃO ELEITO,
28031,JUSCELIA DA SILVA BARRSEIROS,PRADO,PSL,NÃO ELEITO,
28038,LINJOMARA MUNIZ DA SILVA,ALCOBAÇA,PDT,SUPLENTE,
28041,FABIANO PORTO DE ANDRADE,ALCOBAÇA,PDT,SUPLENTE,
28046,NELIA JOAO COSTA,ALCOBAÇA,PDT,SUPLENTE,
28095,ANTONIO ALVES DOS SANTOS FILHO,SIMÕES FILHO,PC do B,SUPLENTE,
28133,LUÍS LEMOS DE CARVALHO TRINDADE FILHO,SANTA TEREZINHA,PC do B,NÃO ELEITO,
28187,MANOEL MESSIAS NUNES BARBOZA,SIMÕES FILHO,SOLIDARIEDADE,SUPLENTE,
28204,JOSÉ RAIMUNDO MACHADO GOMES,CANAVIEIRAS,PSL,NÃO ELEITO,
28242,ELIZIANA MIRANDA DOS SANTOS,PRADO,PODE,SUPLENTE,
28294,MARIA ROSILEIDE PASSOS SILVA,CASA NOVA,PDT,SUPLENTE,
28419,JURAIDE DA SILVA BONFIM,SIMÕES FILHO,PSL,SUPLENTE,
28433,MARIA HELENA SOUZA SILVA,CASA NOVA,PTC,NÃO ELEITO,
28445,JOSENILDA TAVARES DA SILVA,FEIRA DE SANTANA,PTC,NÃO ELEITO,
28448,REJANE OLIVEIRA SOARES DE SANTANA,FEIRA DE SANTANA,PTC,NÃO ELEITO,
28595,ANA PAULA CUSTÓDIA FÉLIX AZEVEDO,ITORORÓ,CIDADANIA,NÃO ELEITO,
28596,DARLENE VIVAS GONÇALVES,ITORORÓ,CIDADANIA,NÃO ELEITO,
28615,HERIVELTON DE OLIVEIRA AGUIAR,ITORORÓ,PC do B,NÃO ELEITO,
29027,ELIENE PEREIRA DO CARMO,PORTO SEGURO,PSD,SUPLENTE,
29130,FRANCINETE MACEDO,CAMPO ALEGRE DE LOURDES,PV,NÃO ELEITO,
29131,VALDINEY MENDES DOS SANTOS,CAMPO ALEGRE DE LOURDES,PV,NÃO ELEITO,
29132,CARLOS GEOVANE LOPES DE SOUSA,CAMPO ALEGRE DE LOURDES,PV,NÃO ELEITO,
29175,FABRICIA DOS SANTOS DUNDA,IPIRÁ,PSB,NÃO ELEITO,
29221,JOCEANE COSTA OLIVEIRA JORDÃO,CURAÇÁ,PRTB,SUPLENTE,
29252,LOIDE DO CARMO SILVA,SÍTIO DO MATO,PP,SUPLENTE,
29301,JOSEANDRO SOARES DOS SANTOS,ALCOBAÇA,REPUBLICANOS,NÃO ELEITO,
29334,ANDERSON PONTES SANTOS,ITAMBÉ,PC do B,NÃO ELEITO,
29335,LUCIMEYRE MELO DOS SANTOS,ITAMBÉ,PC do B,NÃO ELEITO,
29336,PAULO PEREIRA DIAS,ITAMBÉ,PC do B,NÃO ELEITO,
29348,CHARLA DE CARVALHO DOS SANTOS,LUÍS EDUARDO MAGALHÃES,PV,NÃO ELEITO,
29353,DANIELA ROCHA DE MATOS,LUÍS EDUARDO MAGALHÃES,PV,NÃO ELEITO,
29441,CELSO DE SANTANA SOUZA,SOBRADINHO,CIDADANIA,NÃO ELEITO,
29510,JANELUZE VICENTE DOS ANJOS SANTOS,WAGNER,PT,NÃO ELEITO,
29552,ROSINETE DA SILVA LOPES,SÃO SEBASTIÃO DO PASSÉ,PV,NÃO ELEITO,
29645,CLAUDIANE DE SANTANA SANTOS,RIO REAL,MDB,NÃO ELEITO,
29647,ANA ALINE DOS SANTOS,RIO REAL,MDB,NÃO ELEITO,
29649,HILDECIO RODRIGUES DOS SANTOS,RIO REAL,MDB,NÃO ELEITO,
29675,DOMINGOS RODRIGUES DOS SANTOS,LUÍS EDUARDO MAGALHÃES,MDB,NÃO ELEITO,
29680,MARIA INES MORAES DE SOUZA,ELÍSIO MEDRADO,PP,SUPLENTE,
29760,NATANAEL SANTOS SOUZA,ALCOBAÇA,PSB,SUPLENTE,
29857,JOSENILDO ROCHA DOS SANTOS,SÃO SEBASTIÃO DO PASSÉ,PSD,SUPLENTE,
29862,MARIA DE FATIMA DE JESUS DOS SANTOS,SÃO SEBASTIÃO DO PASSÉ,PSD,SUPLENTE,
30063,ZENILDA PRATES BRITO,ITORORÓ,DEM,SUPLENTE,
30090,LUCIENE DOS SANTOS SILVA MARIANO,CONTENDAS DO SINCORÁ,PROS,SUPLENTE,
30100,GILCÉLIA SANTANA AMARAL,JIQUIRIÇÁ,PC do B,SUPLENTE,
30178,ADEMILSON OLIVEIRA DA SILVA,MIGUEL CALMON,PATRIOTA,NÃO ELEITO,
30179,JESSICA CARVALHO SILVA,MIGUEL CALMON,PATRIOTA,NÃO ELEITO,
30291,MARIA GILDEVANA COSTA PEREIRA SANTOS,CONCEIÇÃO DO COITÉ,PSC,SUPLENTE,
30301,CLAUDIO SICOPIRA DA SILVA,MARAGOGIPE,PSOL,NÃO ELEITO,
30334,ELIZANGELA CONCEIÇÃO CASTRO,CAMAMU,PC do B,SUPLENTE,
30444,ANA NECI GOMES DOS SANTOS,BAIANÓPOLIS,PL,SUPLENTE,
30460,JOSELITA ESTRELA DA SILVA,SANTANÓPOLIS,PSB,SUPLENTE,
30474,MARIA ALVES DE OLIVEIRA,MACAÚBAS,DEM,SUPLENTE,
30506,GILCELIO JESUS DOS SANTOS,IBIRATAIA,MDB,SUPLENTE,
30665,ERICA PAIM BASTOS,LAURO DE FREITAS,PROS,NÃO ELEITO,
30673,CARLA REJANE DA CONCEIÇÃO SANTOS,LAURO DE FREITAS,PROS,NÃO ELEITO,
30712,ADAISA MARIA NUNES DOS SANTOS,SÃO SEBASTIÃO DO PASSÉ,PODE,SUPLENTE,
30887,DAIANE DOS SANTOS PEREIRA,SÃO SEBASTIÃO DO PASSÉ,DC,NÃO ELEITO,
30889,ANDREA PATRÍCIA DOS SANTOS LIMA,SÃO SEBASTIÃO DO PASSÉ,DC,NÃO ELEITO,
30909,MARIA SILMA PEREIRA DOS SANTOS,ITANHÉM,PT,NÃO ELEITO,
30957,NATHALIA MOREIRA PEREIRA,ALCOBAÇA,PROS,SUPLENTE,
30984,NÁDIA DOS SANTOS OLIVEIRA,SÃO SEBASTIÃO DO PASSÉ,PC do B,NÃO ELEITO,
31122,ANAJARA SILVA DOS SANTOS,DÁRIO MEIRA,PSC,SUPLENTE,
31173,ENÃ DE SOUZA GUIRRA,TEIXEIRA DE FREITAS,PSD,NÃO ELEITO,
31182,ELIANA DOS SANTOS PACHECO,TEIXEIRA DE FREITAS,PSD,NÃO ELEITO,
31264,MARIA DAS GRAÇAS SILVA DOS SANTOS BATISTA,CAATIBA,PSB,SUPLENTE,
31267,VANESSA DE OLIVEIRA SANTOS,CAATIBA,PSB,SUPLENTE,
31318,EDMÁRIA SACRAMENTO TRABUCO,BOA VISTA DO TUPIM,PT,SUPLENTE,
31320,JOELMA SANTOS ARAÚJO DIAS,BOA VISTA DO TUPIM,PT,SUPLENTE,
31321,LIONEL ALVES DOS SANTOS,BOA VISTA DO TUPIM,PT,SUPLENTE,
31323,RENILDA DE JESUS SANTANA,BOA VISTA DO TUPIM,PT,SUPLENTE,
31327,LUANA SODRÉ DOS SANTOS,BOA VISTA DO TUPIM,PT,SUPLENTE,
31427,GLASDY SOUZA DE OLIVEIRA,ITAETÉ,PP,SUPLENTE,
31537,MÁRCIA AMÂNCIO MOURA,IRARÁ,PSD,SUPLENTE,
31543,DANIELA DOS SANTOS SILVA,IRARÁ,PSD,SUPLENTE,
31544,EDINÁLIA MARTINS BARBOSA,IRARÁ,PSD,SUPLENTE,
31546,LUCIDALVA SANTOS DE JESUS,IRARÁ,PSD,SUPLENTE,
31709,ISABEL VIRGINIA JESUS DA CRUZ,ITAPARICA,PC do B,SUPLENTE,
31763,MARILANDIA SANTOS DE ALMEIDA,ITABERABA,DEM,SUPLENTE,
31927,ANA CLEIDE PINTO DA ANUNCIACAO,ÁGUA FRIA,PSB,SUPLENTE,
31931,MANUELA DA SILVA BOMFIM,ÁGUA FRIA,PSB,SUPLENTE,
31978,LEONOR BARBOSA ATAIDE,ÁGUA FRIA,DEM,SUPLENTE,
31982,TAMARA DE ARAUJO COSTA,ÁGUA FRIA,DEM,SUPLENTE,
31992,JULIANO PEREIRA CORREIA,ITAETÉ,PSOL,SUPLENTE,
32028,VALTER MENDES DA SILVA,EUNÁPOLIS,PSL,NÃO ELEITO,
32033,JANINI SILVA ALVES,EUNÁPOLIS,PSL,NÃO ELEITO,
32287,ALBERTO SILVA DE AZEVEDO,ITAMARAJU,PL,NÃO ELEITO,
32296,JACQUELINE ROCHA SANTOS,VITÓRIA DA CONQUISTA,PRTB,SUPLENTE,
32308,FABIANA LIMA LOPES,VITÓRIA DA CONQUISTA,PRTB,SUPLENTE,
32336,ROBERTA RAMOS DE JESUS,VITÓRIA DA CONQUISTA,PATRIOTA,NÃO ELEITO,
32490,JAQUELINE FERREIRA DE OLIVEIRA,VITÓRIA DA CONQUISTA,PL,NÃO ELEITO,
32506,LUCIANA ALVES ARAÚJO,VITÓRIA DA CONQUISTA,PL,NÃO ELEITO,
32515,IVONETE PEREIRA MOREIRA,SÃO GONÇALO DOS CAMPOS,PP,SUPLENTE,
32523,EUNICE LEMOS BRANDAO,SÃO GONÇALO DOS CAMPOS,PP,SUPLENTE,
32525,CARLA PATRICIA COSTA DE MENEZES SILVA,SÃO GONÇALO DOS CAMPOS,PP,SUPLENTE,
32553,ELISANGELA BRAGA PEREIRA,ITABUNA,PDT,SUPLENTE,
32864,RAIARA CAROLINE FERREIRA DOS REIS,CONCEIÇÃO DA FEIRA,PODE,SUPLENTE,
32887,JAILTON RIBEIRO BRITO,SANTANÓPOLIS,DEM,NÃO ELEITO,
33050,ANA PAULA  PINHO DE  ASSIS,CONCEIÇÃO DA FEIRA,PTC,NÃO ELEITO,
33080,SAMARA JESUS DOS SANTOS LOPES DO NASCIMENTO,MURITIBA,PSL,NÃO ELEITO,
33081,CARLA PATRÍCIA FERNANDES FERREIRA,MURITIBA,PSL,NÃO ELEITO,
33107,ERONILDE EULINA DE ANDRADE,SANTO ANTÔNIO DE JESUS,DEM,SUPLENTE,
33145,PAULA PRISCILA SOUZA ARANHA,ITAPITANGA,PODE,NÃO ELEITO,
33146,CLAUDIO JESUS DOS SANTOS,ITAPITANGA,PODE,NÃO ELEITO,
33170,NELSON GONCALVES LIMA,ITABUNA,REPUBLICANOS,SUPLENTE,
33174,JACKSON FERREIRA SANTOS,ITABUNA,REPUBLICANOS,SUPLENTE,
33331,GILDA DE CASTRO DOURADO,CENTRAL,AVANTE,NÃO ELEITO,
33363,JÉSSICA DA SILVA MARQUES,SANTA MARIA DA VITÓRIA,DEM,NÃO ELEITO,
33409,LUIZ ANTONIO DE SOUZA TOSTA,ITABERABA,MDB,NÃO ELEITO,
33413,SIMARA TELES PEREIRA,SIMÕES FILHO,PP,SUPLENTE,
33435,MIRALVA PRAZERES DA SILVA RAMALHO,SIMÕES FILHO,PP,SUPLENTE,
33527,WELLINGTON SILVA DE JESUS,IBIRATAIA,DEM,SUPLENTE,
33592,JULIO NUNES CUNHA,PORTO SEGURO,REDE,NÃO ELEITO,
33601,NOABES PEREIRA DOS SANTOS,PORTO SEGURO,REDE,NÃO ELEITO,
33603,LIVIA VITORIA PEREIRA,PORTO SEGURO,REDE,NÃO ELEITO,
33779,LILIANE COSTA TEIXEIRA MORAIS,CAMAÇARI,PL,NÃO ELEITO,
33786,MARCIA DE SOUZA,CAMAÇARI,PTC,NÃO ELEITO,
33859,GEFERSON BARROS MATES,MUCURI,PSL,NÃO ELEITO,
33861,ALZIRO NASCIMENTO NEVES,MUCURI,PSL,NÃO ELEITO,
33884,EVERALDO BITENCURT DE OLIVEIRA,MUCURI,PODE,NÃO ELEITO,
34012,CHARLES DE JESUS LEANDRO,NAZARÉ,PT,NÃO ELEITO,
34105,SABRINA DANIELE FRAGA DOS REIS KIEFER,ITABUNA,PODE,NÃO ELEITO,
34222,VANESSA DOS SANTOS BARRETO,CONCEIÇÃO DA FEIRA,SOLIDARIEDADE,NÃO ELEITO,
34263,JOZELMA MARIA SOUZA SOBRINHO,SIMÕES FILHO,DEM,SUPLENTE,
34328,CARINE FERREIRA DA SILVA,SÃO GONÇALO DOS CAMPOS,SOLIDARIEDADE,SUPLENTE,
34338,ERIVALDO LIMA DA SILVA,EUNÁPOLIS,PSB,NÃO ELEITO,
34407,JOSÉ ILTON MACÊDO DA SILVA,AMÉRICA DOURADA,PC do B,SUPLENTE,
34432,MARIA WILZA OLIVEIRA MOREIRA,IAÇU,MDB,SUPLENTE,
34442,MARIA APARECIDA CERQUEIRA,IAÇU,MDB,SUPLENTE,
34443,MARIA DE FATIMA ROCHA SILVA,IAÇU,MDB,SUPLENTE,
34449,LUCAS ALMEIDA COELHO,MILAGRES,PTB,NÃO ELEITO,
34464,JOICE SANTANA DE JESUS,CRAVOLÂNDIA,PSD,SUPLENTE,
34588,JANE MARY ROTONDANO ROCHA,MILAGRES,PV,NÃO ELEITO,
34592,PATRICIA ROTONDANO ROCHA SOUZA,MILAGRES,PV,NÃO ELEITO,
34612,MONIKELLE SOUZA SILVA,IAÇU,PV,NÃO ELEITO,
34613,NEILA CARMO DE SÁ BARRETO NUNES,IAÇU,PV,NÃO ELEITO,
34637,RONALDO SILVA CARVALHO,CAMACÃ,PDT,SUPLENTE,
34689,JOCINEIDE FERREIRA SANTOS,IBIRATAIA,PSB,SUPLENTE,
34700,MARCIA SANTOS DA SILVA,IBIRATAIA,PSB,SUPLENTE,
34707,FERNANDA PINTO DE MATOS,SANTA LUZIA,PT,NÃO ELEITO,
34708,PATRICIA REIS COSTA,SANTA LUZIA,PT,NÃO ELEITO,
34710,LUZINETE SOUZA DA PAIXÃO,SANTA LUZIA,PT,NÃO ELEITO,
34714,EDUARDO SOARES LIMA,SANTA LUZIA,PT,NÃO ELEITO,
34980,MARIA JOSE GOMES DIAS,ESPLANADA,MDB,SUPLENTE,
34992,CLAUDIO SANTOS SILVA ALVES,RUY BARBOSA,REPUBLICANOS,NÃO ELEITO,
35013,ANDRESSA BISPO SILVA,SERRINHA,REPUBLICANOS,NÃO ELEITO,
35122,THAIS NASCIMENTO DE JESUS,SERRINHA,SOLIDARIEDADE,SUPLENTE,
35123,JANETE SILVA DE JESUS,SERRINHA,SOLIDARIEDADE,SUPLENTE,
35142,GUTHEMBERGUE CERQUEIRA SANTANA,SANTA LUZIA,SOLIDARIEDADE,NÃO ELEITO,
35163,ALANA DINA DOS SANTOS PATROCINIO PALMEIRA,CAMAÇARI,PROS,NÃO ELEITO,
35306,LORRANNA GOES PEREIRA DOS SANTOS,ITAJUÍPE,PODE,SUPLENTE,
35370,IVONEIDE MARIA DE JESUS,ITARANTIM,PT,SUPLENTE,
35403,THONPSON RAEL SANTOS CARDOSO,ITAGUAÇU DA BAHIA,PC do B,NÃO ELEITO,
35494,GESIANE JESUS SANTOS,EUNÁPOLIS,MDB,NÃO ELEITO,
35611,CREMILDA NUNES VIANA,CARDEAL DA SILVA,PODE,SUPLENTE,
35720,JOBABE DIAS DOS SANTOS,ITABERABA,PSC,NÃO ELEITO,
35727,VIRGINIA MARIA ARAÚJO DOS REIS,ITABERABA,PSC,NÃO ELEITO,
35747,JUSCIARA PEREIRA DOS SANTOS,JUAZEIRO,PSB,NÃO ELEITO,
35844,DÉBORA MORBECK DE OLIVEIRA,SALVADOR,PROS,NÃO ELEITO,
35938,MARIA CRISTINA DE JESUS,ITAPICURU,PP,SUPLENTE,
35955,ESTEVÃO ROCHA DA SILVA,IPECAETÁ,PT,SUPLENTE,
35986,PRISCILLA KARLEY VIEIRA DE ASSUNÇÃO,BUERAREMA,PODE,NÃO ELEITO,
35987,JEANE EVANGELISTA DOS SANTOS,CORAÇÃO DE MARIA,PSOL,NÃO ELEITO,
35988,JOSÉ LUIS GOMES DA SILVA,CORAÇÃO DE MARIA,PSOL,NÃO ELEITO,
36004,PEDRO FERNANDES DE CARVALHO,TERRA NOVA,PP,NÃO ELEITO,
36040,MARIA CLARA CARDEAL DANTAS,SÃO SEBASTIÃO DO PASSÉ,DEM,SUPLENTE,
36105,JOSE CARLOS MOREIRA ALVES,CANARANA,PT,SUPLENTE,
36146,MARIA JOSÉ CERQUEIRA DA SILVA,PEDRÃO,PSB,SUPLENTE,
36156,UALAS SILVA DE ALMEIDA,GONGOGI,PTB,NÃO ELEITO,
36205,LIDIANE ARAUJO DE OLIVEIRA,COARACI,PSD,SUPLENTE,
36248,AMANDA DA CUNHA CAMPOS,BARREIRAS,PDT,NÃO ELEITO,
36263,SOLANGE PEREIRA SANTANA,BARREIRAS,PDT,NÃO ELEITO,
36290,WESLEEM NUNES DA SILVA LIMA,ITAGUAÇU DA BAHIA,PDT,SUPLENTE,
36337,MARIA DA CONCEIÇÃO SANTOS DE CASTRO,JUAZEIRO,PL,SUPLENTE,
36369,CAROLINE SANTOS ARAÚJO,CORAÇÃO DE MARIA,CIDADANIA,SUPLENTE,
36374,JOSILDA LOPES DA SILVA,CORAÇÃO DE MARIA,CIDADANIA,SUPLENTE,
36383,JOSELI GONÇALVES SILVA,ELÍSIO MEDRADO,REPUBLICANOS,SUPLENTE,
36387,OZENI DA SILVA OLIVEIRA,CHORROCHÓ,REDE,NÃO ELEITO,
36444,MIRAELCIO OLIVEIRA RIOS,SÃO JOSÉ DO JACUÍPE,PT,NÃO ELEITO,
36489,RUTE MARTINS NASCIMENTO RIBEIRO,ALAGOINHAS,PDT,NÃO ELEITO,
36580,MARIANNA DE FARIAS DINIZ,BARRO PRETO,PC do B,NÃO ELEITO,
36598,LORIENE DOS SANTOS TEIXEIRA,NAZARÉ,PSOL,NÃO ELEITO,
36611,LARISSA DA PAIXAO FERREIRA,NAZARÉ,PSOL,NÃO ELEITO,
36640,ELIZANGELA BARBOSA DA CONCEIÇÃO,CURAÇÁ,PSB,SUPLENTE,
36688,ROSELIA MENDES DOS SANTOS,SANTA CRUZ CABRÁLIA,MDB,NÃO ELEITO,
36700,MARCIO PEREIRA SILVA,SAÚDE,PODE,NÃO ELEITO,
36742,NAIANE DA SILVA NOBREGA,CAMAÇARI,PL,NÃO ELEITO,
36771,FRANCISCA RAMOS DOS SANTOS,BARRA,REPUBLICANOS,NÃO ELEITO,
36783,TAYNARA LOPES JIQUIRI,CANSANÇÃO,MDB,NÃO ELEITO,
36787,ROSALIA SOARES SILVA SANTOS,IAÇU,PL,NÃO ELEITO,
36805,RENATA DA CONCEIÇÃO DE JESUS,SANTO ANTÔNIO DE JESUS,PTC,NÃO ELEITO,
36812,EMILE FERREIRA DOS SANTOS,BARRO PRETO,PC do B,NÃO ELEITO,
36814,ANDREA DE JESUS MENEZES,BARRO PRETO,PC do B,NÃO ELEITO,
36820,CARLOS EDUARDO SANTOS DA SILVA,CATU,REDE,NÃO ELEITO,
36853,DANIELE BRAZ DA SILVA,ALMADINA,REPUBLICANOS,NÃO ELEITO,
36856,MANOELA LUIZA BRITO DA SILVA,JUAZEIRO,AVANTE,NÃO ELEITO,
36857,MAYARA DA SILVA MENELLI,MUCURI,PP,NÃO ELEITO,
36860,CLÁUDIA DE JESUS SANTANA,ILHÉUS,PSL,SUPLENTE,
36891,LAURA DE ALMEIDA,BARREIRAS,PODE,SUPLENTE,
36919,TATIANA CARDOSO ARRUDA DE SOUZA GALVÃO,BREJÕES,AVANTE,SUPLENTE,
36937,MARIA DO CARMO MACENO,ALMADINA,DEM,SUPLENTE,
36938,JAILDA DE JESUS ARAUJO,ALMADINA,DEM,SUPLENTE,
36958,THIARA SANTOS SILVA BANDEIRA,COCOS,PP,SUPLENTE,
36961,ELIANE DO ROSARIO NOVAIS,CENTRAL,PSC,NÃO ELEITO,
36965,IVONILDA MARIA ALVES DOS SANTOS,SÃO SEBASTIÃO DO PASSÉ,DC,NÃO ELEITO,
36970,ANA PAULA DE OLIVEIRA SANTOS,TEIXEIRA DE FREITAS,PDT,SUPLENTE,
36973,NOÉLIA FERREIRA DE ARAÚJO,PEDRÃO,MDB,NÃO ELEITO,
36974,MAMEDE ALEXANDRE DO ROSÁRIO FILHO,MARAGOGIPE,PSOL,NÃO ELEITO,
36981,JANICE MOREIRA LARANGEIRA,MARAGOGIPE,PTC,NÃO ELEITO,
36983,CARLOS ADRIANO DE JESUS LEITE,MARAGOGIPE,PTC,NÃO ELEITO,
36986,MARINEZ DE JESUS SANTOS,ILHÉUS,PTC,NÃO ELEITO,
36987,ANNE CAROLLINE SILVA DE OLIVEIRA,ILHÉUS,CIDADANIA,NÃO ELEITO,
36996,ELIZETE SANTOS DE ALMEIDA,ITAETÉ,PSOL,SUPLENTE,
37002,JANETE SOARES SANTOS,GLÓRIA,PSD,SUPLENTE,
37005,MARGARETE CONCEIÇÃO SOUZA,POJUCA,PT,SUPLENTE,
37014,MARIVANA BRITO LIMA,IAÇU,DEM,SUPLENTE,
37038,ROSENEIA DO AMOR DIVINO QUEIROZ,ANTÔNIO CARDOSO,PODE,SUPLENTE,
37041,MARIA LELES MENEZES NASCIMENTO,ITATIM,PP,SUPLENTE,
37043,PAULO SÉRGIO DE JESUS SANTOS,ELÍSIO MEDRADO,PT,SUPLENTE,
37061,IRAILDES CONCEICAO DOS SANTOS,ITUBERÁ,REPUBLICANOS,NÃO ELEITO,
37065,NELI OLIVEIRA DE SOUSA SILVA,VITÓRIA DA CONQUISTA,PL,NÃO ELEITO,
37066,ADRIANA SANTOS,VITÓRIA DA CONQUISTA,PL,NÃO ELEITO,
37067,CARINE RIBEIRO SANTOS,VITÓRIA DA CONQUISTA,PL,NÃO ELEITO,
37075,ADAIZA FRANCO SILVA RIBEIRO,PIRIPÁ,PP,SUPLENTE,
37079,PAULA MOUTINHO DIAS,POÇÕES,PL,SUPLENTE,
37098,BENEDITA DOS REIS PIMENTEL,MARAGOGIPE,PL,SUPLENTE,
37109,ARISTOTELES MENDES DA SILVA,ANDORINHA,PSC,SUPLENTE,
37117,ALEXSANDRA PEREIRA DA SILVA,MUCURI,PODE,NÃO ELEITO,
37118,CRISTIANE DE SOUZA MENEZES,BELMONTE,DEM,SUPLENTE,
37119,ELOINA LARCHER SOUZA,BELMONTE,PT,SUPLENTE,
37132,VANIZI DO CARMO BATISTA,UBAITABA,PSD,SUPLENTE,
37136,JAQUELINE DOS SANTOS E SANTOS,LAURO DE FREITAS,PSC,SUPLENTE,
37144,GISLAINE LOPES DOS SANTOS,ILHÉUS,PTB,SUPLENTE,
37179,ANILÂNDIA SILVA DE ANDRADE SOUZA,MONTE SANTO,DEM,SUPLENTE,
37182,MARIA DALVA DOS SANTOS,MUCURI,DEM,SUPLENTE,
37190,ROSEVANI CARNEIRO MENDES,MARAGOGIPE,PODE,SUPLENTE,
37191,HENRIQUE OLIVEIRA GUIMARAES,ITABUNA,PSC,NÃO ELEITO,
37198,LEONORA BARBOSA FERREIRA,SALVADOR,PROS,NÃO ELEITO,
37199,CLAUDIANA DE JESUS SANTOS,ITARANTIM,AVANTE,NÃO ELEITO,
37201,LIESKA DE MELO OLIVEIRA SANTOS,ITORORÓ,DEM,SUPLENTE,
37202,DUCILENE DA SILVA MEIRA,BRUMADO,PDT,SUPLENTE,
37206,JAQUELINE MARCELINO ALVES,GUARATINGA,PROS,NÃO ELEITO,
37209,LUCINEIDE SANTANA DOS SANTOS MACHADO,ITABERABA,PSDB,SUPLENTE,
