,index,NM_CANDIDATO,NM_URNA_CANDIDATO,NM_UE,SG_PARTIDO,DS_SIT_TOT_TURNO,QT_VOTOS_NOMINAIS,VR_DESPESA_CONTRATADA,VR_RECEITA
0,30311,MARIVALDA MARTINS DOS SANTOS,MARIVALDA,MARAGOGIPE,PSOL,NÃO ELEITO,1,5812.249999999999,6751.06
1,27171,DAVI TOURINHO DE BRITO,DAVI TOURINHO,IRECÊ,PSOL,NÃO ELEITO,1,2881.35,3073.64
2,24734,ANE TATIANE PEREIRA SOUZA MONÇÃO,TATY MONÇÃO,SEBASTIÃO LARANJEIRAS,PSB,SUPLENTE,1,2825.0,2825.0
3,14847,MARIA CLAUDIA COSTA DE SANTANA,CLAUDINHA,RIBEIRA DO POMBAL,PL,SUPLENTE,1,2355.0,1000.0
4,6131,NIKALICE AZEVEDO DOS SANTOS RIBEIRO,NIKALICE,ILHÉUS,PC do B,SUPLENTE,1,2159.9,3019.18
5,14062,ROSANGELA MUNIZ DOS SANTOS,RÓ,ILHÉUS,PP,SUPLENTE,1,2000.0,2000.0
6,2475,GILDETE JESUS DE SANTANA,DETE,ARACI,PDT,SUPLENTE,1,1650.0,1650.0
7,37136,ADRIANO DAVID DE SOUSA,ADRIANO DO BAIXIO DE IRECÊ,IRECÊ,DEM,NÃO ELEITO,1,1600.0,0.0
8,36850,CRISTIANO PEREIRA DA SILVA,CRISTIANO DO BAIXÃO,IRECÊ,PP,NÃO ELEITO,1,1600.0,0.0
9,31264,MARCO HENRIQUE CARNEIRO DOURADO,HENRIQUE DOURADO,IRECÊ,DEM,NÃO ELEITO,1,1600.0,0.0
10,5746,MÔNICA ALMEIDA COSTA SILVA,MÔNICA,VITÓRIA DA CONQUISTA,PSC,SUPLENTE,1,1500.0,1500.0
11,32190,LINDA MARIA DA COCEIÇÃO ALVES,LINDA MARIA,IRECÊ,AVANTE,SUPLENTE,1,1480.0,0.0
12,34990,GISELIO BRITO DE LIMA,GISELIO DE DJALMA,ESPLANADA,MDB,SUPLENTE,1,1401.3,1401.3
13,36943,CARLA FRANCIELLY ANDRADE SILVA,CARLA,PARAMIRIM,PSD,SUPLENTE,1,1400.0,1400.0
14,34409,JOSE RAIMUNDO MOREIRA DUARTE,RAIMUNDINHO DOS BORGES,AMÉRICA DOURADA,PC do B,SUPLENTE,1,1320.0,1520.0
15,8513,MARLI BRITO RIBEIRO,MARLI RIBEIRO,LICÍNIO DE ALMEIDA,DEM,NÃO ELEITO,1,1250.0,1250.0
16,8662,VALERIA MENDES DE SOUZA PORTO,VALERIA MENDES,LAPÃO,PP,SUPLENTE,1,1240.9,0.0
17,30007,JOSE CARLOS SOUZA DE MATOS,JOSE CARLOS SOUSA DE MATOS,CAPIM GROSSO,DEM,SUPLENTE,1,1197.35,1597.35
18,30282,KAROLAINE SILVA FREITAS,KAROLAINE FREITAS,JEQUIÉ,PSB,SUPLENTE,1,1100.0,1100.0
19,27058,DUCICLÉIA MACHADO ROCHA,KEU,SÃO GABRIEL,PSD,SUPLENTE,1,1100.0,100.0
20,33957,KELLY GABRIELLE FERREIRA DA SILVA,KELLY DO LAVADOR,NOVA VIÇOSA,CIDADANIA,SUPLENTE,1,1063.77,4062.79
21,30275,CLAYDISNEIA DANTAS DA SILVA,NEIA DANTAS,JEQUIÉ,PSB,SUPLENTE,1,1050.0,1050.0
22,29281,MAGNA RIBEIRO AGUIAR,MAGNA,ITUAÇU,PSD,SUPLENTE,1,1045.0,0.0
23,29274,MARIZETE SANTOS LIMA,ZETE,ITUAÇU,PSD,SUPLENTE,1,1045.0,0.0
24,35641,GRAZIELE TEIXEIRA DA LUZ,IRMÃ GRAZI,ITACARÉ,PSC,NÃO ELEITO,1,1000.04,1000.0
25,25100,VALERIA RIBEIRO DOS SANTOS,VALERIA RIBEIRO,IPUPIARA,PSD,SUPLENTE,1,1000.0,0.0
26,14693,GERCIANE CASADO OLIVEIRA,GERCIANE,GUANAMBI,REPUBLICANOS,NÃO ELEITO,1,970.0,0.0
27,3460,MARIA DE LOURDES LIMA SANTOS TEIXEIRA,DONA LOURDES,CAETANOS,PC do B,SUPLENTE,1,859.0300000000001,859.03
28,33385,GILMAIANE PORTO SILVA,GILMAIANE PORTO,ITIÚBA,PSD,SUPLENTE,1,850.0,850.0
29,254,JACIARA DA SILVA NOVAIS,JACY NOVAIS,ITUAÇU,PSL,NÃO ELEITO,1,823.9000000000001,1448.9
30,27159,FLAVIANE QUEIROZ SANTOS,FLAVIA QUEIROZ,PRESIDENTE DUTRA,PSB,SUPLENTE,1,800.0,800.0
31,252,BRENA FREIRE SILVA TEIXEIRA,BRENA FREIRE,ITUAÇU,PSL,NÃO ELEITO,1,800.0,1425.0
32,17576,MARIA IÊDA VIEIRA DA SILVA,IÊDA,SERRINHA,PSC,NÃO ELEITO,1,780.0,780.0
33,17571,DULCINARA OLIVEIRA MOTA,DUCY DE NININHO DO FUMO,SERRINHA,PSC,NÃO ELEITO,1,780.0,780.0
34,28678,JOSÉ MARIA NEVES PEREIRA,DEDEZINHO,BRUMADO,PT,SUPLENTE,1,771.0,771.0
35,33127,ANGELICA SANTOS VIANA,ANGELICA VIANA,CARDEAL DA SILVA,PSOL,NÃO ELEITO,1,762.15,762.15
36,5205,MARILENE BATISTA DA SILVA,MARILENE BATISTA,PAULO AFONSO,PT,NÃO ELEITO,1,760.0,2120.0
37,15506,MARIA OFELIA NOVAES,OFELIA,UTINGA,PSDB,SUPLENTE,1,660.0,920.0
38,22452,MERILIN PEREIRA BARBOSA,CHEIRINHO DE BANDEIRA,UTINGA,PT,SUPLENTE,1,660.0,920.0
39,18231,LUZINETE SANTOS DE JESUS,LUZINETE,JEQUIÉ,PSOL,NÃO ELEITO,1,642.74,742.74
40,9977,THIAGO DOS SANTOS CRUZ,THIAGO CRUZ,SÁTIRO DIAS,PT,NÃO ELEITO,1,610.0,610.0
41,10970,VALDA CALIXTO TEIXEIRA,VALDA CALIXTO,LAURO DE FREITAS,PSDB,SUPLENTE,1,602.5,0.0
42,9265,LEILIANE CARLA ALVES DE BRITO,LEILA CARLA,CANDIBA,REPUBLICANOS,SUPLENTE,1,600.0,600.0
43,14554,MARIA RAIMUNDA SANTOS DE QUEIROZ,MARIA RAIMUNDA,BUERAREMA,PSDB,SUPLENTE,1,600.0,600.0
44,26097,APARECIDO DOS SANTOS,CIDO DA RECICLAGEM,URANDI,PT,NÃO ELEITO,1,568.32,1068.32
45,15625,ADEMÁRIO ANDRADE DE OLIVEIRA,ADEMARIO DA AMBULÂNCIA,BOM JESUS DA SERRA,PP,SUPLENTE,1,560.35,2790.35
46,17875,MARIA DO CARMO ROSA DE JESUS SOUSA,MARIA DA PONTE VELHA,CORRENTINA,AVANTE,SUPLENTE,1,542.25,3442.25
47,1204,ELIZABETE NOVAES SILVA,BETY NOVAES,JUSSIAPE,PSB,SUPLENTE,1,520.0,1540.0
48,29594,ELISABETE PINHEIRO CRUZ,BETE DE JOÃO RAPOZA,IPECAETÁ,PSD,SUPLENTE,1,500.0,500.0
49,35074,ANA LÚCIA LIMA ALMEIDA,LUCIA DO HOSCA,SERRINHA,DC,NÃO ELEITO,1,500.0,0.0
50,29514,ADNETE ALVES DE SOUZA,NETE DE SAPO,IPECAETÁ,PP,SUPLENTE,1,500.0,500.0
51,20526,EDELZITA DOMINGOS DOS PASSOS,DELZITA,BREJOLÂNDIA,PL,SUPLENTE,1,450.0,450.0
52,20531,GELCIA DOS ANJOS LEITE,GELCIA DO JACINTO,BREJOLÂNDIA,PL,SUPLENTE,1,450.0,450.0
53,31930,GISELE BISPO DE LIMA,GISELE,ÁGUA FRIA,PSB,SUPLENTE,1,450.0,450.0
54,21566,JOSÉ ROBERTO DA SILVA,ROBERTO DO BUQUEIRÃO,ICHU,PSD,SUPLENTE,1,400.0,550.0
55,12761,TATIANA ARAÚJO DE OLIVEIRA,TATY ARAÚJO,IRAJUBA,DEM,SUPLENTE,1,400.0,411.05
56,23374,JAILTON BEZERRA DA SILVA,PITTER DO CARRO DE SOM,PIRITIBA,MDB,SUPLENTE,1,370.0,370.0
57,35262,GUTEMBERG DA SILVA MARINS,GUTTO DOS CAIAQUES,GLÓRIA,PODE,SUPLENTE,1,370.0,1000.0
58,30216,DAIANE CAROLINE SANTANA,DAIANE SANTANA,CIPÓ,PSD,NÃO ELEITO,1,350.08000000000004,0.0
59,32919,LUANA CARVALHO MENEZES,LUANA DE CABEÇA,WENCESLAU GUIMARÃES,DEM,SUPLENTE,1,337.5,351.5
60,32917,AMANDA MURIEL LIMA SANTOS GOMES,AMANDA,WENCESLAU GUIMARÃES,DEM,SUPLENTE,1,337.5,351.5
61,32913,DEJANE PAULINO DE SOUZA,DEJANE,WENCESLAU GUIMARÃES,DEM,SUPLENTE,1,337.5,352.0
62,24635,CAROLINE SANTANA DE JESUS,CAROL DE NILZA,WENCESLAU GUIMARÃES,PSB,SUPLENTE,1,337.5,351.5
63,13394,MARCOS ROBERTO DE CARVALHO MENDES,MARCOS DE DADÁ,ANTÔNIO CARDOSO,PSD,SUPLENTE,1,315.0,315.0
64,3958,BIANCA DE JESUS BRITO,BIANCA BRITO,VALENÇA,REPUBLICANOS,NÃO ELEITO,1,305.15,1122.54
65,20568,GLEICE NASCIMENTO BARBOSA,GLEICE,MUCURI,DEM,SUPLENTE,1,300.0,1005.0
66,21949,LUANA SILVA AMURIM,LUANA ,IBICOARA,PL,SUPLENTE,1,270.0,270.0
67,9279,VALÉRIA DIAS DO SANTOS,VALÉRIA,FIRMINO ALVES,PSDB,NÃO ELEITO,1,262.95,262.95000000000005
68,18177,LEIDIANE DA CRUZ BRITO,LEIDIANE,CRISTÓPOLIS,PODE,NÃO ELEITO,1,260.0,260.0
69,11489,TAINARA FONTES OLIVEIRA,TAINARA,CONDE,PODE,SUPLENTE,1,250.0,0.0
70,18194,FERNANDA BARBOSA,FERNANDA BARBOSA,JEQUIÉ,SOLIDARIEDADE,SUPLENTE,1,222.0,222.0
71,29999,SONIA MARIA DE JESUS SANTOS,SÔNIA,LAJE,PODE,SUPLENTE,1,210.0,210.0
72,31046,RAILDA SENA ANDRADE,RAIDA,LAJE,PDT,SUPLENTE,1,210.0,210.0
73,26562,ANA CLÁUDIA OLIVEIRA DOS SANTOS,DINHA QUEIRÓZ,AMARGOSA,PROS,SUPLENTE,1,196.07000000000002,1160.0
74,24968,MICAELE SILVA LEMES,MICAELE,CALDEIRÃO GRANDE,PT,SUPLENTE,1,185.0,200.0
75,6429,EDNALVA ALVES DA SILVA,NALVINHA,CALDEIRÃO GRANDE,PSD,SUPLENTE,1,185.0,185.0
76,24851,RITA DE CASSIA MUNIZ BARRETO SOUZA,RITA,UBAÍRA,PP,SUPLENTE,1,180.0,180.0
77,24689,VALDIRENE AMORIM DE JESUS,BETA AMORIM,UBAÍRA,PODE,SUPLENTE,1,180.0,180.0
78,24677,JULIANA DOS REIS REZENDE,JULIANA REZENDE,UBAÍRA,PODE,SUPLENTE,1,180.0,180.0
79,22021,UELTON RIBEIRO DA SILVA,UELTON GAGO,UBAÍRA,AVANTE,NÃO ELEITO,1,170.0,170.0
80,14161,CAMILLA RIBEIRO DE SANTANA,CAMILLA,ITAMARI,PDT,SUPLENTE,1,170.0,170.0
81,36942,GENILDA DIAS SALVADOR,NILDA,ITAMARI,PDT,SUPLENTE,1,170.0,170.0
82,37156,SIRLENE ANGELOTE,SIRLENE,ITAMARI,PDT,SUPLENTE,1,170.0,170.0
83,17149,PATERNIANO SANTOS DO AMARAL,TETE DA AVENIDA BRASIL,ITUAÇU,PSDB,NÃO ELEITO,1,165.0,965.0
84,13527,CARMEM DE JESUS MENDES,CARMEM,NOVA VIÇOSA,PSB,SUPLENTE,1,163.9,163.9
85,13321,JACIRA DA CONCEIÇÃO SILVA,JACIRA,ANTÔNIO CARDOSO,PP,SUPLENTE,1,160.0,160.0
86,21835,RAFAELA CERQUEIRA BRITO,RAFAELA,CONCEIÇÃO DO JACUÍPE,PSDB,SUPLENTE,1,150.0,165.0
87,36366,ELIANE FERREIRA FIGUEIREDO,ELIANE FIGUEIREDO,COARACI,PROS,SUPLENTE,1,150.0,164.0
88,20876,FRANCISCA BATISTA DA SILVA,FRANCISCA SILVA,JUSSIAPE,PSD,SUPLENTE,1,140.0,140.0
89,1308,JOSEVALDO SANTIAGO ARAUJO,JOSEVALDO ARAUJO,CONCEIÇÃO DO COITÉ,PL,NÃO ELEITO,1,130.0,0.0
90,16517,MARIA CLARA FERREIRA DA SILVA,CLARA,JIQUIRIÇÁ,PP,SUPLENTE,1,120.0,120.0
91,29378,SANDRA OLIVEIRA DE CARVALHO,SANDRA,JAGUARARI,PC do B,SUPLENTE,1,120.0,120.0
92,11939,ADAVAI DE SOUSA PORTUGAL,ADAVAI SHOW,CARAÍBAS,REPUBLICANOS,NÃO ELEITO,1,110.45,195.45
93,26777,IRANI CARDOSO DE ALMEIDA,IRANI CARDOSO,CONDE,SOLIDARIEDADE,NÃO ELEITO,1,110.45,115.0
94,31581,BARBARA CRISTINA DA SILVA AMORIM DE SANTANA,BARBARA AMORIM,ITAPARICA,DEM,NÃO ELEITO,1,110.0,110.0
95,273,RENATA ALMEIDA DE SOUZA,NATI SOUZA,CRAVOLÂNDIA,REPUBLICANOS,SUPLENTE,1,101.0,101.0
96,25206,MADALENA MELO DE SOUZA,MADALENA,ITAPICURU,PT,SUPLENTE,1,100.0,1100.0
97,21699,BETANIA CAMPOS OLIVEIRA,BETÂNIA,SANTA BÁRBARA,PODE,NÃO ELEITO,1,98.0,98.0
98,31762,JUSSARA DE OLIVEIRA NUNES,JUSSARA,ITARANTIM,MDB,SUPLENTE,1,96.75,96.75
99,24837,MARIANA BATISTA CORREIA DA SILVA,MARIANA,SAÚDE,PP,NÃO ELEITO,1,55.0,55.0
100,35389,MARLENE BORGES ROCHA,MARLENE BORGES,ITARANTIM,PT,SUPLENTE,1,52.349999999999994,52.35
101,22189,EDNA SANTOS LAGO,EDNA LAGO,IRAMAIA,PSD,SUPLENTE,1,52.0,52.0
102,27452,CÁTIA SAMPAIO DOS SANTOS,CÁTIA SAMPAIO,ITAPITANGA,PSC,SUPLENTE,1,50.0,50.0
103,27450,MARIA DO CARMO VIRGENS DOS SANTOS,CARMINHA JUJÚ,ITAPITANGA,PSC,SUPLENTE,1,50.0,50.0
104,3530,VANIA PEREIRA BORGES COUTINHO,VANIA,RIACHÃO DAS NEVES,PSDB,SUPLENTE,1,25.0,525.0
105,3483,ANDRESSA KAROLINE PEREIRA DO NASCIMENTO,CAROL,RIACHÃO DAS NEVES,PP,SUPLENTE,1,25.0,525.0
106,5710,LUIZA KAROLINE SANTOS,KAROL,RIACHÃO DAS NEVES,PSB,SUPLENTE,1,25.0,525.0
107,15379,MARIA DAS CANDEIAS MIRANDA,CANDEIAS,OLINDINA,DEM,NÃO ELEITO,1,17.05,107.05
108,26826,MARIA SONIA JESUS DOS SANTOS,SONIA DE PIPI,DÁRIO MEIRA,REPUBLICANOS,SUPLENTE,1,17.05,17.05
109,11865,ROGERIA SANTOS FOLGADO,ROGERIA,MUCURI,PSD,SUPLENTE,1,10.1,750.0
110,28204,WESLEI SANTOS DE SOUZA,WESLEI SOUZA,CANAVIEIRAS,PSL,NÃO ELEITO,1,0.0,0.0
111,28331,TAISE DA COSTA SILVA,TAISE,CASA NOVA,PODE,SUPLENTE,1,0.0,0.0
112,28363,JOSÉ ROMÉRIO DA SILVA,ROMERO SILVA,CASA NOVA,PL,SUPLENTE,1,0.0,0.0
113,29268,MARISLANE GOMES PEREIRA DOURADO,MARI,SÍTIO DO MATO,PP,SUPLENTE,1,0.0,0.0
114,28393,ADRIANA SILVA CONCEIÇÃO,ADRIANA DO MORRO DA PINDOBA,ANTÔNIO CARDOSO,PODE,SUPLENTE,1,0.0,0.0
115,28452,SANDRA BISPO DOS SANTOS,SANDRA BISPO,FEIRA DE SANTANA,PTC,NÃO ELEITO,1,0.0,0.0
116,31136,IZAMABLE COSTA DOS SANTOS,MABLE,DÁRIO MEIRA,PSC,SUPLENTE,1,0.0,0.0
117,30779,RITA DE CASSIA PENALVA FARIAS,RITA PENALVA,ILHÉUS,PTC,NÃO ELEITO,1,0.0,354.0
118,30768,FABIANA SILVA DOS SANTOS,FABIANA SILVA,ILHÉUS,PTC,NÃO ELEITO,1,0.0,354.0
119,30692,ELIDA MARIA TRINDADE MOURA,ELIDA MOURA,LAURO DE FREITAS,PROS,NÃO ELEITO,1,0.0,0.0
120,30614,JACQUELINE DE JESUS,JACQUE,SÃO SEBASTIÃO DO PASSÉ,PSL,NÃO ELEITO,1,0.0,0.0
121,30610,AMANDA ELEN DE JESUS DA SILVA,AMANDA,SÃO SEBASTIÃO DO PASSÉ,PSL,NÃO ELEITO,1,0.0,0.0
122,31122,MARINALVA QUARESMA PEREIRA,MARIVALDA,DÁRIO MEIRA,PSDB,SUPLENTE,1,0.0,0.0
123,31427,MARIA REGINA FRANÇA BORGES,REGINA,ITAMBÉ,PT,SUPLENTE,1,0.0,600.0
124,31160,ESTEVÃO SILVA GUERRA,YAR GUERRA,OUROLÂNDIA,REPUBLICANOS,SUPLENTE,1,0.0,0.0
125,3719,MARIA DA CONCEIÇÃO SANTOS,LIA,BARREIRAS,PODE,SUPLENTE,1,0.0,1179.9199999999998
126,28134,JOSCELINO FRANCISCO DE MORAIS,GILSON DO TAXI,PRADO,REDE,NÃO ELEITO,1,0.0,0.0
127,30515,ELDRON REIS DE SOUZA,ELDRON DE OTONIEL ,IBIRATAIA,MDB,SUPLENTE,1,0.0,0.0
128,31428,SIMONE VILARINHO BRITO,SIMONE,ITAMBÉ,PT,SUPLENTE,1,0.0,600.0
129,31429,ADÉLIA DE JESUS TRINDADE,ADÉLIA TRINDADE,ITAMBÉ,PT,SUPLENTE,1,0.0,600.0
130,31459,CLEONICE MARIA SILVA,CLEO BARRAQUEIRA,ALAGOINHAS,PODE,NÃO ELEITO,1,0.0,0.0
131,31570,GRACYETTE REJANE RODRIGUES DE MIRANDA,REJANE,IBOTIRAMA,PP,SUPLENTE,1,0.0,218.31
132,31579,MARIA DO ROSARIO SANTOS DA SILVA,MARIA DO ROSÁRIO,ITAPARICA,DEM,NÃO ELEITO,1,0.0,0.0
133,31582,JOELMA SANTOS DA SILVA,JOELMA,ITAPARICA,DEM,NÃO ELEITO,1,0.0,0.0
134,31676,FERNANDO BARBOSA DOS REIS,BÊ,ITAPARICA,PSB,SUPLENTE,1,0.0,0.0
135,31680,ANTONIO RAVAZIO JUNIOR,TONI RAVAZIO,TEIXEIRA DE FREITAS,UP,NÃO ELEITO,1,0.0,0.0
136,27999,ANALICE SILVA DOS SANTOS,ANALICE DOS TANQUINHOS,INHAMBUPE,PDT,NÃO ELEITO,1,0.0,460.0
137,31806,ANA CLAUDIA CONCEIÇÃO DA NATIVIDADE,ANA DA NATIVIDADE,CACHOEIRA,PP,SUPLENTE,1,0.0,0.0
138,31985,JOSEANE SOUZA DE ARAUJO,JOSEANE,ÁGUA FRIA,DEM,SUPLENTE,1,0.0,0.0
139,30525,EDINA BRITO DE SANTANA,EDINA,ÁGUA FRIA,PP,NÃO ELEITO,1,0.0,0.0
140,3747,LAURA MARIA ROCHA RIBEIRO,LAURA,ENTRE RIOS,PSD,SUPLENTE,1,0.0,330.0
141,30486,MARGARIDA DOS SANTOS NOGUEIRA,MARGARIDA NOGUEIRA,MACAÚBAS,DEM,SUPLENTE,1,0.0,0.0
142,30472,AGNALDO ANUNCIAÇÃO DE JESUS,GUIGUIO,SANTANÓPOLIS,PSB,SUPLENTE,1,0.0,0.0
143,28776,DURVAL NUNES DA SILVA,DURVAL,ENTRE RIOS,SOLIDARIEDADE,SUPLENTE,1,0.0,0.0
144,28807,LEILA PEIXOTO RIOS,PROFA LEILA,CAPELA DO ALTO ALEGRE,PP,SUPLENTE,1,0.0,0.0
145,29650,IGOR DE SOUZA FONTES,IGOR SOUZA,RIO REAL,MDB,NÃO ELEITO,1,0.0,0.0
146,28889,MARIA DE FATIMA CARNEIRO FERREIRA,MARIA BOJÃO,RIACHÃO DO JACUÍPE,PTB,SUPLENTE,1,0.0,325.0
147,28948,DEBORA SOUZA DE JESUS,DEBORA,URUÇUCA,PSD,NÃO ELEITO,1,0.0,370.0
148,4125,STHEFANY MELO SANTOS,STHEFANY MELO,ITABUNA,PSDB,NÃO ELEITO,1,0.0,0.0
149,29557,JOSEMAR MUNIZ DE CARVALHO,JOSEMAR DA SERRARIA,SÃO SEBASTIÃO DO PASSÉ,PV,NÃO ELEITO,1,0.0,0.0
150,29520,ANA CANDIDA PEREIRA DE OLIVEIRA,CANDINHA,WAGNER,PT,NÃO ELEITO,1,0.0,500.0
151,29519,ALZIRA QUEIROZ GOMES,ZIZI,WAGNER,PT,NÃO ELEITO,1,0.0,500.0
152,4129,JOSÉ LEONARDO SANTOS DA CRUZ,LEONARDO CRUZ,ITABUNA,PSDB,NÃO ELEITO,1,0.0,0.0
153,28954,MARIA JOSE FERREIRA DE SOUZA,ZEZE,URUÇUCA,PSD,NÃO ELEITO,1,0.0,370.0
154,29233,JAMILE SANTOS ARAÚJO,JAMILE SANTOS,CURAÇÁ,PRTB,SUPLENTE,1,0.0,0.0
155,29259,AMÉLIA FERREIRA MAGALHÃES,MEL MAGALHÃES,SÍTIO DO MATO,PP,SUPLENTE,1,0.0,0.0
156,29339,ADAILTON SILVA DAS NEVES,DAI,ITAMBÉ,PC do B,NÃO ELEITO,1,0.0,600.0
157,29287,FABIANA APARECIDA SANTOS MALHEIROS,FABIANA BOLSAS,PORTO SEGURO,PROS,SUPLENTE,1,0.0,1028.0
158,29261,RUBIA MARIA CURSINO DE ARAUJO BALDOINO,MARIA,SÍTIO DO MATO,PP,SUPLENTE,1,0.0,0.0
159,4156,GABRIELY OLIVEIRA DE JESUS,BIA DO PUXIM,CANAVIEIRAS,PL,NÃO ELEITO,1,0.0,276.56
160,28724,SONIA ARAUJO LIMA SILVA,SONIA ARAUJO,BRUMADO,PSL,NÃO ELEITO,1,0.0,0.0
161,29692,ELENEUZA SANTOS ANDRADE,ELENEUZA,FIRMINO ALVES,REPUBLICANOS,NÃO ELEITO,1,0.0,0.0
162,4333,ANA MARIA DA SILVA PEREIRA,ANA MARIA PEREIRA,FEIRA DE SANTANA,CIDADANIA,SUPLENTE,1,0.0,0.0
163,28562,SELMA PATRICIA LIMA DE JESUS,SELMA,SIMÕES FILHO,PT,NÃO ELEITO,1,0.0,0.0
164,30383,MARCOS RICARDO DE AMORIM WANDEGA,RICARDO DE NAGÉ,MARAGOGIPE,PODE,SUPLENTE,1,0.0,0.0
165,4313,ELISANGELA DO NASCIMENTO SANTOS,ELISANGELA,FEIRA DE SANTANA,CIDADANIA,SUPLENTE,1,0.0,500.0
166,30294,MARIA BERNADETE CHAGAS COSTA,DETINHA,CONCEIÇÃO DO COITÉ,PSC,SUPLENTE,1,0.0,0.0
167,3891,DANIELA SANTOS CAMPOS,DANI,CARDEAL DA SILVA,PROS,SUPLENTE,1,0.0,0.0
168,28462,JOSE CARLOS CAYRES VIANNA,CARLINHOS CAIRES,PARAMIRIM,REPUBLICANOS,NÃO ELEITO,1,0.0,0.0
169,3996,RUBINEA DA SILVA SANTOS,RUBI DA ÓTICA,ITABERABA,PC do B,SUPLENTE,1,0.0,0.0
170,30181,ELIZIANE BATISTA DOS SANTOS,ZANE,ITANAGRA,PSD,SUPLENTE,1,0.0,0.0
171,30161,FÁTIMA FERREIRA DE OLIVEIRA,FÁTIMA DA MELANCIA,NOVA SOURE,PDT,NÃO ELEITO,1,0.0,866.66
172,29721,REGIANE ANDRADE DOS SANTOS,REGIANE,JAGUARIPE,PSD,SUPLENTE,1,0.0,1000.0
173,30110,PATRICIA SANTANA DA SILVA,PATY,JIQUIRIÇÁ,PC do B,SUPLENTE,1,0.0,140.0
174,30094,ADRIANA PINA SOUZA,ADRIANA PINA,CONTENDAS DO SINCORÁ,PROS,SUPLENTE,1,0.0,1000.0
175,4005,MARIZETE DE JESUS CARVALHO,MARIZETE CARVALHO,ITABERABA,PC do B,SUPLENTE,1,0.0,0.0
176,28610,DIONEI PINHEIRO SANTOS ALVES,DIONEI,ITORORÓ,CIDADANIA,NÃO ELEITO,1,0.0,838.8
177,29897,FERNANDA CERQUEIRA LOPES,FERNANDA,SANTANÓPOLIS,REPUBLICANOS,SUPLENTE,1,0.0,0.0
178,32044,JOSIVANE BORGES GOVEIA,JOSIVANE,EUNÁPOLIS,PSL,NÃO ELEITO,1,0.0,0.0
179,28614,JOÃO JOSÉ DE FRANÇA,JOÃO DO PÃO,ITORORÓ,CIDADANIA,NÃO ELEITO,1,0.0,838.8
180,32028,MANOEL FERREIRA DIAS,SARIGA,MATA DE SÃO JOÃO,PSC,NÃO ELEITO,1,0.0,489.3
181,32396,JOELSON NUNES DA SILVA,JOELSON NUNES,CENTRAL,DEM,SUPLENTE,1,0.0,0.0
182,32050,RONIVALDO DIAS DAS VIRGENS,JUNIOR ROCHA,EUNÁPOLIS,PSL,NÃO ELEITO,1,0.0,0.0
183,32089,THAIS DUQUE ALMEIDA,THAIS,BREJÕES,AVANTE,SUPLENTE,1,0.0,0.0
184,36637,JONATAN SANTANA OLIVEIRA,JONATAN SANTANA,JUAZEIRO,PTC,SUPLENTE,1,0.0,0.0
185,36636,ANA CRISTINA FRANÇA E FRANÇA,ANA FRANÇA,JUAZEIRO,PL,SUPLENTE,1,0.0,0.0
186,36621,NITINHA DE SOUZA MARTINS,NITINHA,CURAÇÁ,PP,SUPLENTE,1,0.0,0.0
187,36600,EDNA FRANCISCA  DA SILVA PEREIRA,PRETA,SIMÕES FILHO,AVANTE,NÃO ELEITO,1,0.0,0.0
188,36448,MARIA BETHANIA FERREIRA AMORIM,BETHANIA AMORIM,JUAZEIRO,PTB,NÃO ELEITO,1,0.0,0.0
189,36396,ADRIANA MARIA OLIVEIRA GALVÃO,ADRIANA GALVÃO,JUAZEIRO,PTB,NÃO ELEITO,1,0.0,0.0
190,36390,PAULO HENRIQUE DE JESUS SILVA,BINHO FIXAÇÃO,ELÍSIO MEDRADO,REPUBLICANOS,SUPLENTE,1,0.0,0.0
191,36336,DÉBORA REGINA FARIAS DA SILVA,DÉBORA REGINA,JUAZEIRO,PL,SUPLENTE,1,0.0,0.0
192,36300,VANESSA DO NASCIMENTO LARANJEIRA,VANESSA,ITAGUAÇU DA BAHIA,PDT,SUPLENTE,1,0.0,200.0
193,36202,CLEIDSON DIAS SANTOS,NEGAO SEGURANÇA,COARACI,PSD,SUPLENTE,1,0.0,0.0
194,36139,MARCIA DE JESUS,DENY DE LORO,PEDRÃO,PC do B,SUPLENTE,1,0.0,0.0
195,36121,ELOILTON PEREIRA DA SILVA,ELOITON DAS TRES LADEIRAS,ITIÚBA,PSOL,NÃO ELEITO,1,0.0,317.59
196,36072,NELCINEI BARROS DA CONCEIÇÃO,NEY SMITH,SAPEAÇU,PT,NÃO ELEITO,1,0.0,0.0
197,36038,ANDERSON GUILHERMINO DE ALMEIDA,ANDERSON ALMEIDA,SÃO SEBASTIÃO DO PASSÉ,DEM,SUPLENTE,1,0.0,0.0
198,36036,ALMIR FELIX DE MIRANDA,ALMIR CARDEAL,SÃO SEBASTIÃO DO PASSÉ,DEM,SUPLENTE,1,0.0,0.0
199,36021,IVANILDE MACARIO DA CONCEIÇÃO,NILDA GORDA,CARDEAL DA SILVA,PSD,SUPLENTE,1,0.0,0.0
200,36015,ANA CRISTINA GONÇALVES VINHAS,ANA VINHAS,TERRA NOVA,PP,NÃO ELEITO,1,0.0,0.0
201,36006,LUIZ TELES,LUNINHA GARI,TERRA NOVA,PSDB,NÃO ELEITO,1,0.0,0.0
202,36004,ANTONIO BATISTA DE JESUS,BATISTA DO JACU,TERRA NOVA,PSDB,NÃO ELEITO,1,0.0,0.0
203,36002,VERA LUCIA VINHAS PACHECO DE ARAUJO,TIA VERA,TERRA NOVA,PSDB,NÃO ELEITO,1,0.0,0.0
204,35986,EDINEI CRISPIM MOREIRA,RAUDINEI AMARAL,BUERAREMA,PODE,NÃO ELEITO,1,0.0,0.0
205,36751,ROGERIO COSTA SANTOS,ROGÉRIO COSTA,LAURO DE FREITAS,SOLIDARIEDADE,NÃO ELEITO,1,0.0,0.0
206,36773,RAFAEL DOS SANTOS VARGAS,RAFAEL DA BALSA,BARRA,REPUBLICANOS,NÃO ELEITO,1,0.0,0.0
207,36784,TIANA MOURA VITÓRIA,TIANA,BREJÕES,AVANTE,SUPLENTE,1,0.0,0.0
208,37029,DEISE NUNES SANTOS,DEISE NUNEX,TEOLÂNDIA,PODE,NÃO ELEITO,1,0.0,0.0
209,37202,ALINE AVELINO DA SILVA,ALINE AVELINO,LUÍS EDUARDO MAGALHÃES,MDB,NÃO ELEITO,1,0.0,0.0
210,37186,VALQUIRIA SOUSA DA SILVA,VALQUIRIA,LAJE,PDT,SUPLENTE,1,0.0,0.0
211,37180,SARA SILVA DE ALMEIDA,SARA ALMEIDA,ITUBERÁ,PT,SUPLENTE,1,0.0,0.0
212,37154,GRAZIELA CAMPONEZ BLANK,GRAZIELA GALEGA,ITABUNA,PSOL,NÃO ELEITO,1,0.0,0.0
213,37133,FIDELQUINA CONCEIÇÃO LIMA PENNA,CONCEIÇÃO,LAJEDÃO,DEM,SUPLENTE,1,0.0,0.0
214,37085,ALEXSANDRO ALVES,LEKO,PAULO AFONSO,PODE,SUPLENTE,1,0.0,835.0
215,37084,ALESSANDRO GALVÃO SANTOS,ALESSANDRO GALVÃO,CASA NOVA,PL,SUPLENTE,1,0.0,0.0
216,37079,EDUARDO MOREIRA DE SOUZA,EDUARDO,LAJEDÃO,REPUBLICANOS,NÃO ELEITO,1,0.0,0.0
217,37052,LUZIA LEAL MACEDO,LUZIA DO LAGÊDO,ELÍSIO MEDRADO,PT,SUPLENTE,1,0.0,0.0
218,37026,ARTEMIA PEREIRA DA COSTA,DONA ARTEMIA,SERRA PRETA,PSD,SUPLENTE,1,0.0,0.0
219,36814,MARIA OLINDA BARBOSA DA SILVA,MARIA OLINDA,PAU BRASIL,PL,SUPLENTE,1,0.0,0.0
220,37007,EDILAINE DE MORAES BALEEIRO,LAINE,LICÍNIO DE ALMEIDA,PSOL,NÃO ELEITO,1,0.0,0.0
221,36998,ANDRÉ LUIS TEIXEIRA BRANDÃO,ANDRÉ DO BASILIO,ILHÉUS,PTC,NÃO ELEITO,1,0.0,0.0
222,36992,ZELIA MARIA LIMA,ZELIA,PEDRÃO,MDB,NÃO ELEITO,1,0.0,0.0
223,36979,CLAUDIA CRISTINA FERREIRA DOS SANTOS,CLAUDIA FERREIRA,TEIXEIRA DE FREITAS,PDT,SUPLENTE,1,0.0,0.0
224,388,CÉLIA REGINA SOARES BARBOSA,CÉLIA GUEDES,SÃO FELIPE,PSD,SUPLENTE,1,0.0,90.0
225,36922,JOELMA SANTOS DA CRUZ,JOELMA,ACAJUTIBA,PODE,SUPLENTE,1,0.0,0.0
226,36866,VALESSIA CONCEIÇÃO DE SOUZA SALES,VAL,CANDEIAS,PSC,NÃO ELEITO,1,0.0,700.0
227,36859,JOSEVAL NUNES CERQUEIRA,VAVAL BARRETO,ÁGUA FRIA,PSD,SUPLENTE,1,0.0,0.0
228,449,MARIA ANGÉLICA DOS SANTOS ARAÚJO,ANGÉLICA DE VAVÁ,APORÁ,PSD,SUPLENTE,1,0.0,0.0
229,35971,JOSENI DIAS VILELA,PAULA DIAS,IPECAETÁ,PT,SUPLENTE,1,0.0,0.0
230,35836,RAILDA SANTOS PEREIRA QUEIROZ,RAILDA,CORAÇÃO DE MARIA,PT,SUPLENTE,1,0.0,400.0
231,35736,MARCIA CRISTINA DOS SANTOS ARAÚJO,MARCIA CRISTINA,ITABERABA,PSC,NÃO ELEITO,1,0.0,293.75
232,3405,MARIA DA LAPA DOS SANTOS,MARIA DA LAPA,ITUBERÁ,PV,SUPLENTE,1,0.0,0.0
233,33335,REINALDO PEREIRA DA SILVA,REINALDO SILVA,CENTRAL,AVANTE,NÃO ELEITO,1,0.0,0.0
234,33204,ILDENICE FERREIRA DE SOUZA,DÊNIA TANQUE NOVO,MANSIDÃO,PSDB,NÃO ELEITO,1,0.0,0.0
235,33199,MOURES ALBERTO DAS NEVES,MOURES,MANSIDÃO,PSDB,NÃO ELEITO,1,0.0,0.0
236,33159,FERNANDO DE SOUZA,FERNANDO,ITAPITANGA,PODE,NÃO ELEITO,1,0.0,0.0
237,33155,GILMARA DE JESUS,GILMARA,ITAPITANGA,PODE,NÃO ELEITO,1,0.0,0.0
238,2398,VANUSA OLIVEIRA PORTO LOPES,VANUSINHA,ITAMBÉ,REPUBLICANOS,SUPLENTE,1,0.0,300.0
239,32970,LIDIANE ANTUNES MENDES LEAO,LIDIANE,PORTO SEGURO,PTB,NÃO ELEITO,1,0.0,0.0
240,2653,NEIDE DOS SANTOS SALES  DA SILVA,NEIDE,CACHOEIRA,PSD,SUPLENTE,1,0.0,0.0
241,3246,VERÔNICA COELHO CUNHA,NINHA,MURITIBA,DC,NÃO ELEITO,1,0.0,0.0
242,32880,INACIO BATISTA DE JESUS,INACIO,ÁGUA FRIA,REPUBLICANOS,NÃO ELEITO,1,0.0,445.0
243,33594,SANDRA REGINA CARDOSO DA SILVA,REGINA,PORTO SEGURO,REDE,NÃO ELEITO,1,0.0,0.0
244,32705,CICERA RAMOS BEZERRA DA SILVA,CICERA RAMOS,SENHOR DO BONFIM,PSC,NÃO ELEITO,1,0.0,0.0
245,32653,OSVALDO SOUSA OLIVEIRA BOMFIM,OSVALDO JR,IRAQUARA,PSB,SUPLENTE,1,0.0,0.0
246,32502,ALESSANDRA FERREIRA CARVALHO,ALESSANDRA,VITÓRIA DA CONQUISTA,PL,NÃO ELEITO,1,0.0,0.0
247,27695,MARIA SOFIA PEREIRA DA SILVA,SOFIA,FORMOSA DO RIO PRETO,PP,SUPLENTE,1,0.0,278.3
248,32378,JURANDIR CAMPOS DA SILVA,QUINZINHO,SANTA CRUZ CABRÁLIA,PROS,SUPLENTE,1,0.0,0.0
249,32288,LEONARDO LIMA DA SILVA,LEO LIMA,ITAMARAJU,PL,NÃO ELEITO,1,0.0,0.0
250,32255,SOENI DA SILVA BATISTA,SOL,EUNÁPOLIS,AVANTE,SUPLENTE,1,0.0,80.0
251,32239,GILDETE ALMEIDA DA SILVA DE JESUS,GILDETE ALMEIDA,EUNÁPOLIS,SOLIDARIEDADE,SUPLENTE,1,0.0,140.0
252,32199,DEMÉTRIO DE LIMA ANDRADE,DEMÉTRIO ANDRADE,IRECÊ,AVANTE,SUPLENTE,1,0.0,0.0
253,2141,ANASTACIO GOMES BARBOSA NETO,DR ANASTACIO,GONGOGI,PSD,SUPLENTE,1,0.0,463.75000000000006
254,33673,HERMANO CERQUEIRA DE SOUZA,MANINHO DA VAN,MARCIONÍLIO SOUZA,DEM,NÃO ELEITO,1,0.0,250.0
255,650,ANANDA CAMILA DOS REIS GONÇALVES,CAMILA REIS,SENTO SÉ,PSD,SUPLENTE,1,0.0,0.0
256,34868,LUCIVAL REIS CABRAL,LUCIVAL DO ESPORTE,TUCANO,DEM,SUPLENTE,1,0.0,0.0
257,35627,EDILMA NUNES SANTOS,EDILMA NUNES,CARDEAL DA SILVA,PODE,SUPLENTE,1,0.0,0.0
258,35504,LUCIANA SILVA ANDRÉ,LUCIANA SILVA,EUNÁPOLIS,MDB,NÃO ELEITO,1,0.0,200.0
259,35102,EDVANDA PEREIRA LIMA,MONIQUE,SERRINHA,PTB,NÃO ELEITO,1,0.0,0.0
260,1380,EVANEA SOUZA CERQUEIRA,EVANEA,SANTA BÁRBARA,PTB,SUPLENTE,1,0.0,0.0
261,35032,ZULEIDE LIMA CERQUEIRA,ZULEIDE,SERRINHA,REPUBLICANOS,NÃO ELEITO,1,0.0,0.0
262,1534,VALDERI BEZERRA DOS SANTOS,DAÍ SANTOS,JACOBINA,PSL,NÃO ELEITO,1,0.0,0.0
263,34963,WALTER FARIAS FILHO,WALTINHO,COARACI,PC do B,SUPLENTE,1,0.0,0.0
264,34921,JÚLIA PEREIRA DOS SANTOS,JÚLIA,COARACI,SOLIDARIEDADE,NÃO ELEITO,1,0.0,0.0
265,34911,NAILANA GUIMARÃES DOS SANTOS,NEGA ONÇA,SANTA LUZIA,PTC,NÃO ELEITO,1,0.0,336.5
266,34740,JOELMA DO AMARAL LIMA,JOELMA AMARAL,ITAMARAJU,REPUBLICANOS,SUPLENTE,1,0.0,1000.0
267,33764,ALDEISA LIMA SOUSA,DEISE LIMA,CAMAÇARI,PL,NÃO ELEITO,1,0.0,0.0
268,34478,CAMILA VIEIRA DE JESUS,CAMILA DE RITINHA,MILAGRES,PT,NÃO ELEITO,1,0.0,1587.79
269,34470,GENILDA BARRETO DE OLIVEIRA,GENILDA,CRAVOLÂNDIA,PSD,SUPLENTE,1,0.0,0.0
270,34447,MARIA ÁUREA DOS SANTOS SILVA LIMA,MARIA ÁUREA,IAÇU,MDB,SUPLENTE,1,0.0,0.0
271,1986,PAULO FARIAS DE SOUZA,PAULO FARIAS,CRISTÓPOLIS,PRTB,NÃO ELEITO,1,0.0,0.0
272,34372,JOSELIA ALVES CARDOSO,JOSELIA ALVES,EUNÁPOLIS,PATRIOTA,NÃO ELEITO,1,0.0,0.0
273,34229,ROGÉRIO DOS SANTOS SANTOS,ROGÉRIO DA JAQUEIRA,CONCEIÇÃO DA FEIRA,SOLIDARIEDADE,NÃO ELEITO,1,0.0,0.0
274,2102,ALTAIR LOPES DE CARVALHO,ALTAIR CONSTRUTOR,LAJEDÃO,PSB,SUPLENTE,1,0.0,382.0
275,33866,JOSIENE EVANGELISTA DE SOUZA CARDOZO,JOSI SOUZA,MUCURI,PSL,NÃO ELEITO,1,0.0,315.0
276,33776,ÁUREA RODRIGUES MARES,ÁUREA MARES,CAMAÇARI,PL,NÃO ELEITO,1,0.0,0.0
277,27745,ELUMINATO DIAS CAMPOS,ELIMINATO,EUNÁPOLIS,PSOL,NÃO ELEITO,1,0.0,969.0
278,7091,MARIA CRISTINA LOPES DOS SANTOS,CRIS DA SAÚDE,JANDAÍRA,AVANTE,SUPLENTE,1,0.0,0.0
279,27678,JOEL DA SILVA FERREIRA,JOEL DO HOSPITAL,SIMÕES FILHO,PSC,SUPLENTE,1,0.0,0.0
280,15545,ADELAIDE DE JESUS,ADELAIDE DE JESUS,SIMÕES FILHO,REPUBLICANOS,SUPLENTE,1,0.0,0.0
281,15541,JOÃO AUGUSTO RIBEIRO LEAL,JOÃO CONTADOR,SIMÕES FILHO,REPUBLICANOS,SUPLENTE,1,0.0,0.0
282,6204,ADAILTON SILVA CARDOSO,ADAILTON DO POVÃO,LUÍS EDUARDO MAGALHÃES,PT,NÃO ELEITO,1,0.0,389.95
283,15492,BRUNO BRAGA,BRUNO,MARAGOGIPE,PP,NÃO ELEITO,1,0.0,0.0
284,15490,JOANA ANGÉLICA DOS SANTOS JULIÃO,JOANA ANGÉLICA,MARAGOGIPE,PP,NÃO ELEITO,1,0.0,0.0
285,15488,DIEGO RAMON DAS NEVES SANTANA,RAMOM,MARAGOGIPE,PP,NÃO ELEITO,1,0.0,0.0
286,15487,ANTONIO FERNANDO PEDREIRA COSTA,PATAINHA,MARAGOGIPE,PP,NÃO ELEITO,1,0.0,0.0
287,15486,RAIMUNDO JORGE DO ESPIRITO SANTO SOUZA,RAIMUNDO JORGE,MARAGOGIPE,PP,NÃO ELEITO,1,0.0,0.0
288,15427,NAJILA DIENE DE JESUS DA SILVA,NAJILA,MARAGOGIPE,PL,SUPLENTE,1,0.0,0.0
289,15421,JAIR ROBERTO BARBOSA DE SOUZA,JAIR DO BATATAN,MARAGOGIPE,PL,SUPLENTE,1,0.0,0.0
290,15244,JOANILTON RODRIGUES DOS SANTOS,JOANILTON DO FRISA,TEIXEIRA DE FREITAS,AVANTE,SUPLENTE,1,0.0,365.0
291,15081,CARLOS AUGUSTO DE JESUS DA ENCARNAÇÃO,PARCEIRO,ITORORÓ,PT,SUPLENTE,1,0.0,838.8
292,14966,BRISLLIAN CAMELO DE ARAUJO,BRISA CAMELO,ITABUNA,MDB,NÃO ELEITO,1,0.0,0.0
293,6348,GILDECI CARDOSO DA SILVA LOPES,GILDECI,JANDAÍRA,CIDADANIA,SUPLENTE,1,0.0,0.0
294,6351,CLECIA ALVES DA SILVA,CLECIA ALVES,JANDAÍRA,CIDADANIA,SUPLENTE,1,0.0,0.0
295,6364,ANDRE LUIS MENDES DE SILVA,ANDRÉ MARAIAL,CARDEAL DA SILVA,PT,SUPLENTE,1,0.0,0.0
296,14354,PAULA SILVA DO CARMO,PAULA DA RONDON,CAMACÃ,PP,SUPLENTE,1,0.0,0.0
297,14299,NAILZA SANTOS ROCHA,NAILZÃO DO BAR,CAMACÃ,PSD,SUPLENTE,1,0.0,133.32999999999998
298,14231,IZENILDE PENIDES OLIVEIRA LIMA,IZENILDE,CONDEÚBA,PL,SUPLENTE,1,0.0,0.0
299,14078,ERICA DOS SANTOS LIMA,ERICA LIMA,SANTA TEREZINHA,PSOL,SUPLENTE,1,0.0,0.0
300,15543,JOSE FERREIRA DA SILVA,FERREIRA,SIMÕES FILHO,REPUBLICANOS,SUPLENTE,1,0.0,0.0
301,6145,IRENO MOREIRA DA SILVA,IRENO,SAÚDE,PSD,SUPLENTE,1,0.0,0.0
302,13995,CLAUDIO JOSE JESUS DOS SANTOS,CLAUDIO SANTOS,CONDE,PSB,SUPLENTE,1,0.0,0.0
303,15823,EVANILDA SANTIAGO DOS SANTOS,EVANILDA DOS SANTOS,CONCEIÇÃO DO JACUÍPE,PT,NÃO ELEITO,1,0.0,0.0
304,5932,DANIEL EVANGELISTA SENA,DANIEL,SANTA CRUZ CABRÁLIA,SOLIDARIEDADE,NÃO ELEITO,1,0.0,410.9
305,17540,DERMEVAL PEREIRA DE OLIVEIRA FILHO,DERMEVAL,ITAPARICA,SOLIDARIEDADE,SUPLENTE,1,0.0,0.0
306,17391,CARINE DOS SANTOS DE CARVALHO CERQUEIRA,CARINE,TEOLÂNDIA,PP,SUPLENTE,1,0.0,0.0
307,17321,DILMARA PORTELA DO SANTOS,DILMA,SIMÕES FILHO,MDB,SUPLENTE,1,0.0,0.0
308,17282,ANTONIA PUREZA BISPO,TITA,VERA CRUZ,PP,SUPLENTE,1,0.0,350.0
309,17256,MADALENA CONCEIÇAO BATISTA RODRIQUES,MADÁ,OLINDINA,PODE,NÃO ELEITO,1,0.0,780.0
310,17123,VANUZA DA SILVA,VANUZA DA SILVA,SANTALUZ,DC,NÃO ELEITO,1,0.0,0.0
311,17115,AMARA CATARAIRA RIBEIRO LOPES PENHA,AMARA,SENTO SÉ,PSDB,SUPLENTE,1,0.0,0.0
312,16878,AZENATE PEREIRA DOS SANTOS,ZENA,MANSIDÃO,PT,SUPLENTE,1,0.0,0.0
313,16876,EDIVANIA FERREIRA LEITE,EDIVANIA LEITE,MANSIDÃO,PT,SUPLENTE,1,0.0,0.0
314,16847,RAIANA ARAUJO DE SOUZA,RAIANA,ITANAGRA,DEM,NÃO ELEITO,1,0.0,0.0
315,16629,LUDMILLA FELIX DOS SANTOS,LUDMILLA,CASA NOVA,PSD,SUPLENTE,1,0.0,0.0
316,16570,JULIETE ROCHA DOS SANTOS,JULIETE,JIQUIRIÇÁ,PT,NÃO ELEITO,1,0.0,0.0
317,16426,FABIO GOMES SANTOS,BINHO DO COPERRECHA,MARACÁS,PSB,SUPLENTE,1,0.0,40.0
318,16187,ANA RITA SANTANA SANTOS,NINA DA IRMÃ DULCE,SÃO SEBASTIÃO DO PASSÉ,PTB,SUPLENTE,1,0.0,0.0
319,16174,PAMELA DE JESUS DE OLIVEIRA,PAMELA DE JESUS,TERRA NOVA,CIDADANIA,SUPLENTE,1,0.0,0.0
320,16118,JAILTON AMORIM COSTA,JAILTON DE PARAMIRIM,SÃO FRANCISCO DO CONDE,PC do B,NÃO ELEITO,1,0.0,0.0
321,15941,CINTIA COSTA CORDEIRO,CINTIA COSTA,SOBRADINHO,PT,SUPLENTE,1,0.0,0.0
322,15939,ALEX SANDRO DE SOUZA GABINO,ALEX DA PADARIA,SOBRADINHO,PT,SUPLENTE,1,0.0,0.0
323,14049,EDINEUZA DOS SANTOS DUNDA,EDINEUZA,SANTA TEREZINHA,PSB,SUPLENTE,1,0.0,0.0
324,13833,MARICÉLIA FERREIRA DE SOUZA,CELINHA,ILHÉUS,PTB,SUPLENTE,1,0.0,0.0
325,17708,EDSON DA SILVA PIMENTA,EDY PIMENTA,SIMÕES FILHO,REDE,NÃO ELEITO,1,0.0,0.0
326,10359,MARIA DOS ANJOS ALVES MUNIZ,MARIA,ITAMARAJU,REDE,NÃO ELEITO,1,0.0,0.0
327,10357,MARIA EDNA NONATO PEREIRA,EDNA,ITAMARAJU,REDE,NÃO ELEITO,1,0.0,0.0
328,10050,MARCOS FRANCISCO SANTOS PINTO,TATU,INHAMBUPE,PROS,SUPLENTE,1,0.0,390.0
329,6632,ANA PAULA BATISTA PINHO,PAULA DO GRAVATÁ,CAMAÇARI,PMN,NÃO ELEITO,1,0.0,0.0
330,9290,SÔNIA SORAIA DOS SANTOS LISBOA,SORAIA LISBOA,PAULO AFONSO,PSL,NÃO ELEITO,1,0.0,550.0
331,6687,CARLA PATRICIA PINHEIRO,PATRICINHA,JUAZEIRO,PATRIOTA,SUPLENTE,1,0.0,0.0
332,8855,VALDILECIA PEREIRA DE SOUZA,VALZINHA,ITAPEBI,PODE,SUPLENTE,1,0.0,0.0
333,6760,RENATO BORGES DA SILVA,RENATO BORGES,JUAZEIRO,PC do B,SUPLENTE,1,0.0,60.0
334,8595,JORGE CRISPINIANO DE ALMEIDA,JORGE PALHAÇO,MADRE DE DEUS,DC,NÃO ELEITO,1,0.0,0.0
335,8593,HERMOGENES QUEIROZ DOS SANTOS,QUEIROZ,MADRE DE DEUS,DC,NÃO ELEITO,1,0.0,0.0
336,8521,FRANCISCO DE ASSIS SILVEIRA,ASSIS DO CALÇAMENTO,REMANSO,PODE,SUPLENTE,1,0.0,0.0
337,6764,JOSIMAR MOREIRA DE SOUSA,JOSIMAR SOUSA,INHAMBUPE,PC do B,NÃO ELEITO,1,0.0,0.0
338,8371,BARBARA DANIELE CERQUEIRA DE CARVALHO,BARBARA DANIELE,VERA CRUZ,PSD,SUPLENTE,1,0.0,0.0
339,8134,MARA SOUZA DE JESUS,MARA DE JURACITABA,MEDEIROS NETO,PT,SUPLENTE,1,0.0,334.5
340,8045,JULIANA CASTRO CORREIA,JULIANA CASTRO,FEIRA DE SANTANA,PATRIOTA,SUPLENTE,1,0.0,0.0
341,8033,JULIÊ CASTRO CORREIA SANTOS,JULIÊ CASTRO,FEIRA DE SANTANA,PATRIOTA,SUPLENTE,1,0.0,0.0
342,8030,DAYANE LIMA DOS SANTOS,DAYANE LIMA,FEIRA DE SANTANA,PATRIOTA,SUPLENTE,1,0.0,0.0
343,7881,VANESSA CARDOSO DOS SANTOS,VANESSA,JANDAÍRA,PP,NÃO ELEITO,1,0.0,0.0
344,7574,IRACY RIBEIRO DE BRITO COLMAN,IRACY COLMAN,REMANSO,PSD,SUPLENTE,1,0.0,300.0
345,7527,ANA CLAUDIA BATISTA DOS SANTOS,CLAUDIA,ITAJU DO COLÔNIA,PT,SUPLENTE,1,0.0,40.0
346,10358,LEONARDO PEREIRA DOS SANTOS,LEO,ITAMARAJU,REDE,NÃO ELEITO,1,0.0,0.0
347,10527,VALNAN JESUS FERREIRA,VALNAN FERREIRA,UBATÃ,PSD,NÃO ELEITO,1,0.0,0.0
348,13783,JOSIENE BRITO DE LIMA,JOSIENE,SANTA BÁRBARA,PC do B,SUPLENTE,1,0.0,0.0
349,10887,ECCLESIASTES DOS SANTOS SILVA,GALEGO ACESSORIOS,LAURO DE FREITAS,PDT,NÃO ELEITO,1,0.0,0.0
350,13514,EDLANE LOPES SOEIRO,LANE SOEIRO,MUCURI,PP,NÃO ELEITO,1,0.0,315.0
351,12988,MARIA NILMA SANTOS,COMPANHEIRA NILMA,CANDEIAS,PC do B,NÃO ELEITO,1,0.0,704.83
352,6460,MÁRCIA VALVERDE SOUSA,MÁRCIA,CAMAÇARI,PP,SUPLENTE,1,0.0,470.0
353,12595,MARIA DA CONCEICAO FERREIRA QUEIROZ MASCARENHAS,CONCEICAO DE ODAJAN,BARROCAS,SOLIDARIEDADE,SUPLENTE,1,0.0,20.42
354,12517,DANIELE OLIVEIRA DA MOTA,DANI,BARROCAS,PSD,SUPLENTE,1,0.0,0.0
355,12423,SUELI FONSECA DOS SANTOS,SUELI FONSECA,CAIRU,PT,SUPLENTE,1,0.0,0.0
356,12221,ELAINE AMORIM DE MIRANDA,LANY AMORIM,MARAGOGIPE,PTC,NÃO ELEITO,1,0.0,0.0
357,11945,ADALBERTO SILVA NASCIMENTO NETO,BETO DE AILTON,MATA DE SÃO JOÃO,CIDADANIA,NÃO ELEITO,1,0.0,0.0
358,11761,INGRID DOS REMEDIOS LIMA,INGRID,MUCURI,REDE,SUPLENTE,1,0.0,0.0
359,11711,ALDEMIR PINTO DOS SANTOS,MIMI DO GÁS,CARDEAL DA SILVA,PSB,SUPLENTE,1,0.0,0.0
360,11555,AMANDA SANTOS DA SILVA,AMANDA SILVA,SALVADOR,PTB,SUPLENTE,1,0.0,0.0
361,11470,DEMETRIA MATOS DA SILVA,DEMETRIA,PAU BRASIL,PL,SUPLENTE,1,0.0,0.0
362,11444,ANA NERES DOS SANTOS,ANA DE LÁZARO,CONDE,PDT,SUPLENTE,1,0.0,0.0
363,11376,DERISMAR COSTA REIS,DERISMAR COSTA,ITAMARAJU,PSOL,NÃO ELEITO,1,0.0,345.0
364,11063,IRACI BENTA DE SANTANA,IRACI,TEOLÂNDIA,PT,SUPLENTE,1,0.0,151.5
365,11048,JORGE LUIZ DOS SANTOS TORRES,JORGE BAIXISTA,ALAGOINHAS,PL,SUPLENTE,1,0.0,0.0
366,11025,LENILDO COSTA RIBEIRO,LENILDO DE CARLINHOS DO RÁDIO,SANTA LUZIA,PSD,SUPLENTE,1,0.0,543.4200000000001
367,6485,DOMINGOS LEITE DE LIMA,LEITE,CAMAÇARI,MDB,NÃO ELEITO,1,0.0,1040.0
368,10896,ANA CRISTINA ANDRADE DE SOUZA,CRISTINA ANDRADE,LAURO DE FREITAS,PDT,NÃO ELEITO,1,0.0,0.0
369,5931,CLEIDE GIL SOUZA,CLEIDE GIL,SANTA CRUZ CABRÁLIA,SOLIDARIEDADE,NÃO ELEITO,1,0.0,400.9
370,17714,CARLA ILTA DA CONCEIÇÃO DOS SANTOS,CARLA ILTA,POJUCA,PC do B,NÃO ELEITO,1,0.0,0.0
371,27645,JAMES ROCHA SANTOS,DEAN,ALMADINA,PP,SUPLENTE,1,0.0,0.0
372,25575,JOSE RAMOS CALMON,CALMON DELEGADO,CATU,PROS,NÃO ELEITO,1,0.0,226.0
373,25498,RITA DE CASSIA FERREIRA SILVA EVANGELISTA,RITA FERREIRA,IBICARAÍ,AVANTE,SUPLENTE,1,0.0,0.0
374,25487,RENE RIBEIRO DE SOUZA,RIBEIRO FILHO DE TERTINO,IBICARAÍ,AVANTE,SUPLENTE,1,0.0,582.9200000000001
375,25426,SILVIA PEREIRA SANTOS,SILVIA DO MINGAU,SANTO ANTÔNIO DE JESUS,AVANTE,NÃO ELEITO,1,0.0,0.0
376,25215,LUCIANA BASTOS DOS SANTOS,LUCIANA BASTOS,ITAPICURU,PT,SUPLENTE,1,0.0,0.0
377,25193,HERCULES DOS SANTOS,MATEUZINHO,SANTA CRUZ CABRÁLIA,PMN,NÃO ELEITO,1,0.0,0.0
378,25128,MARIA LÚCIA DA CONCEIÇÃO,MARIA LÚCIA,ITAPICURU,PDT,SUPLENTE,1,0.0,0.0
379,25104,JURANDI GALO DOS SANTOS,JURAN DA PIZZARIA,GUARATINGA,PSDB,NÃO ELEITO,1,0.0,140.0
380,4578,MIRAILDES DE SOUZA OLIVEIRA,MIRAILDES,CAPELA DO ALTO ALEGRE,REDE,SUPLENTE,1,0.0,0.0
381,25050,MARCOS MARCELO DE SOUZA,MARCELO DE ZILDA,BONITO,PSDB,SUPLENTE,1,0.0,150.0
382,24988,JOSILENE BARBOSA DOS SANTOS ARAÚJO,JÔ,SANTO ANTÔNIO DE JESUS,PSDB,SUPLENTE,1,0.0,0.0
383,24805,BRUNA SANTOS PADRE,BRUNA,IBICUÍ,PATRIOTA,NÃO ELEITO,1,0.0,0.0
384,4672,ALESSANDRA SANTOS RIBEIRO,ALESSANDRA RIBEIRO,URUÇUCA,PSB,NÃO ELEITO,1,0.0,0.0
385,5076,CAIO FELIPE CORREIA MELO,CAIO DE PAPÁ,CANDEIAS,PSC,NÃO ELEITO,1,0.0,0.0
386,24499,LUZIMARIA ALVES SILVA,LUZA DO BOB,ITARANTIM,REPUBLICANOS,NÃO ELEITO,1,0.0,150.0
387,24474,DANILO SOUZA,DANILO NEGÃO,SANTO ANTÔNIO DE JESUS,PSD,SUPLENTE,1,0.0,0.0
388,24346,DOUGLAS LUIZ DOS SANTOS,DOQUINHA DO POVO,LUÍS EDUARDO MAGALHÃES,PDT,SUPLENTE,1,0.0,0.0
389,24344,GRASIELE SENA DOS SANTOS,GRASY SENNA,GAVIÃO,PP,SUPLENTE,1,0.0,0.0
390,24250,ALESSANDRA LEOPOLDINO ARAUJO DE MACEDO,ALESSANDRA,URUÇUCA,DEM,SUPLENTE,1,0.0,1500.0
391,24177,IVONETE APARECIDA MUNIZ DA SILVA,IVONETE MUNIZ,LUÍS EDUARDO MAGALHÃES,PATRIOTA,SUPLENTE,1,0.0,95.0
392,25506,GERALDO JOSE RODRIGUES SANTOS,SIZINO,SANTO ANTÔNIO DE JESUS,PT,SUPLENTE,1,0.0,0.0
393,25631,WESLEI PORTO DAMACENO,ERLEY,CRISTÓPOLIS,PTB,NÃO ELEITO,1,0.0,0.0
394,5158,CLAUDIO JACSON DE ALMEIDA VERÇOSA,JACSON VERÇOSA,PAULO AFONSO,PSOL,NÃO ELEITO,1,0.0,180.0
395,25783,AISE ANE TEIXEIRA DE ALMEIDA,AISE,CRAVOLÂNDIA,PP,SUPLENTE,1,0.0,0.0
396,27557,MARCIA MARIA SANTANA DE JESUS,MARCIA,CATU,PTC,NÃO ELEITO,1,0.0,0.0
397,27374,MOISÉS DA SILVA LIMA,MOISÉS LIMA,SIMÕES FILHO,PSD,SUPLENTE,1,0.0,0.0
398,27334,ANALICE DE OLIVEIRA MUNIZ,ANALICE,CANUDOS,PP,NÃO ELEITO,1,0.0,0.0
399,27271,JOSICARLA BARBOSA DA SILVA,JOSICARLA,IRARÁ,CIDADANIA,NÃO ELEITO,1,0.0,0.0
400,4334,ZORAIDE LIMA DE OLIVEIRA,ZORAIDE,FEIRA DE SANTANA,CIDADANIA,SUPLENTE,1,0.0,0.0
401,4392,ANALINE DOS SANTOS HUNGRIA,ALINE,VALENÇA,DEM,SUPLENTE,1,0.0,0.0
402,4509,JOÃO SANTOS DE CARVALHO,JOÃO DA ABELHA,PEDRO ALEXANDRE,PSD,SUPLENTE,1,0.0,0.0
403,26982,MARLETE DA COSTA CASTRO,MARLETE,IRARÁ,PSC,NÃO ELEITO,1,0.0,0.0
404,26958,TRIOMARIA DA SILVA CARVALHO,TRIOMARIA,ITABELA,PL,SUPLENTE,1,0.0,0.0
405,26954,LUZIVALDA LIMA DOS SANTOS FERREIRA,TUCA,ITABELA,PL,SUPLENTE,1,0.0,0.0
406,26805,LUCINÉIA DE AQUINO DA COSTA,NEINHA,CARINHANHA,AVANTE,NÃO ELEITO,1,0.0,0.0
407,7417,FABIA SOUZA DA MOTA,TINHA,BONITO,PSD,SUPLENTE,1,0.0,400.0
408,26314,DENIZE MUNIZ FERREIRA NETA,DENIZE,BARRA DO ROCHA,PDT,SUPLENTE,1,0.0,0.0
409,26249,JOCIVALDO MAGNAVITA BOMFIM,JR DA ELÉTRICA,POJUCA,PMN,NÃO ELEITO,1,0.0,0.0
410,26172,DAMIANA CARDOSO LINO,DAMIANA DO ACARAJÉ,SÃO MIGUEL DAS MATAS,PDT,SUPLENTE,1,0.0,0.0
411,4576,MARCLEBIA MACHADO DE QUEIROZ,MARCLEBIA,CAPELA DO ALTO ALEGRE,REDE,SUPLENTE,1,0.0,0.0
412,25992,DENILSA DA SILVA SANTOS,LIA DO SALÃO,MUCURI,PV,NÃO ELEITO,1,0.0,750.0
413,25878,TAIARA PINTO SENA,TAIARA SENA,NOVA VIÇOSA,PSL,NÃO ELEITO,1,0.0,0.0
414,25847,ALBANY HUNNER DE JESUS ALVES,ALBANY,PRADO,REPUBLICANOS,SUPLENTE,1,0.0,0.0
415,23873,VALDIRA GOMES DA CRUZ RAMOS,VALDIRA DA CRUZ,MACURURÉ,PDT,SUPLENTE,1,0.0,0.0
416,23341,ELIVANIA GONÇALVES LIMA PEDROSA,ELI LIMA,LUÍS EDUARDO MAGALHÃES,PSL,NÃO ELEITO,1,0.0,95.0
417,5909,DAVINO BISPO DE CERQUEIRA,DAVI,ARAMARI,PSD,SUPLENTE,1,0.0,0.0
418,20291,MARIA JAQUELINE BATISTA PAZ,JAQUELINE PAZ,ITIÚBA,PROS,NÃO ELEITO,1,0.0,0.0
419,20097,FRAMQUELY RIBEIRO DOS SANTOS,FRAN,BELMONTE,PSD,SUPLENTE,1,0.0,0.0
420,19963,JAILDA SILVA DOS SANTOS,JANDA,BOM JESUS DA SERRA,PSD,SUPLENTE,1,0.0,0.0
421,19934,JOELMA DA SILVA VIEIRA,JOELMA VIEIRA,JUAZEIRO,REDE,SUPLENTE,1,0.0,0.0
422,19890,GILLIANE LIMA SOUZA,GILLIANE,SÃO DESIDÉRIO,PSDB,SUPLENTE,1,0.0,521.87
423,19833,CATIA DE JESUS LEÃO,KATINHA DE GAMBÁ,BOM JESUS DA SERRA,PROS,SUPLENTE,1,0.0,1030.0
424,19635,GRAZIELLE CARDOZO DA SILVA,GRAZI,SANTA CRUZ CABRÁLIA,PATRIOTA,NÃO ELEITO,1,0.0,0.0
425,19422,IRAILCE SANTOS SILVA,IRAILCE DO BUDA,ITAPÉ,DEM,SUPLENTE,1,0.0,0.0
426,19112,ARALY MEDINA SANTOS,ARALY MEDINA,ITAPEBI,PT,NÃO ELEITO,1,0.0,0.0
427,18911,SAMARA MENDES DA SILVA,SAMARA,ITAPETINGA,PSB,SUPLENTE,1,0.0,695.0
428,18848,ANA RITA COSTA DA SILVA,RITA,CONCEIÇÃO DO JACUÍPE,PL,SUPLENTE,1,0.0,0.0
429,18627,JOSE MILTON DE SANTANA,VERMELHO,ALAGOINHAS,PATRIOTA,NÃO ELEITO,1,0.0,200.0
430,18585,ANA PAULA DOS SANTOS,ANA PAULA,VITÓRIA DA CONQUISTA,PTC,SUPLENTE,1,0.0,0.0
431,18532,VALDECY CORREIA SANTANA,VALDECY DO PEIXE,SERRA PRETA,PP,SUPLENTE,1,0.0,0.0
432,18313,JOSÉ DOS SANTOS JÚNIOR,BICUDO DA CERVEJA,VITÓRIA DA CONQUISTA,AVANTE,SUPLENTE,1,0.0,0.0
433,5726,PATRICIA MARQUES DE ABREU,PATRICIA,RIACHÃO DAS NEVES,PP,SUPLENTE,1,0.0,500.0
434,18100,IVANEIDE OLIVEIRA MORAIS,IVANEIDE,FEIRA DE SANTANA,MDB,SUPLENTE,1,0.0,0.0
435,18026,JOSE GONÇALVES LOPES,ZE DE ROXA,CENTRAL,PSC,NÃO ELEITO,1,0.0,0.0
436,17945,DANIELA ALVES CORREIA,DANIELA BELA VISTA,IBICARAÍ,REPUBLICANOS,NÃO ELEITO,1,0.0,0.0
437,17941,JOILSON BATISTA SILVA,JOILSON JURACY ALINHAMENTO,IBICARAÍ,REPUBLICANOS,NÃO ELEITO,1,0.0,0.0
438,20289,MARCIA  MATOS MONTEIRO,MARCIA MONTEIRO,ITIÚBA,PROS,NÃO ELEITO,1,0.0,0.0
439,5534,GEOVANA FRANCO DE SOUSA,GEOVANA,IBICARAÍ,PSL,NÃO ELEITO,1,0.0,0.0
440,23333,MARIA ENIS NERI DA SILVA,MARIA ENIS,LUÍS EDUARDO MAGALHÃES,PSL,NÃO ELEITO,1,0.0,0.0
441,20646,LUCIANA DE CARVALHO GOES MENDES,LUCIANA GOES,CONDE,PT,SUPLENTE,1,0.0,0.0
442,23241,EMILY MAIARA TEIXEIRA LIMA,EMILY,PAULO AFONSO,PP,SUPLENTE,1,0.0,3330.5699999999997
443,23239,EDUARDA OLIVEIRA SILVA,EDUARDA,PAULO AFONSO,PP,SUPLENTE,1,0.0,3330.5699999999997
444,23177,RAIMUNDO DIAS DOS SANTOS,SARGENTO DIAS,LAURO DE FREITAS,MDB,NÃO ELEITO,1,0.0,0.0
445,23166,MARLY PINTO DE ASSUNÇÃO,MARLY,UBAITABA,PSD,SUPLENTE,1,0.0,0.0
446,22733,ODAIR BATISTA DA SILVA,ODAIR,CAMPO ALEGRE DE LOURDES,PSD,SUPLENTE,1,0.0,0.0
447,22609,SUELI DOS SANTOS PAES RIBEIRO,SUELI SANTOS,CAMPO ALEGRE DE LOURDES,PSL,NÃO ELEITO,1,0.0,0.0
448,5159,KILVIA MARIA DO NASCIMENTO SILVA SOUZA,KILVIA MARIA,PAULO AFONSO,PSOL,NÃO ELEITO,1,0.0,835.0
449,22269,DANILO FIGUEREDO MOTA,DANILO DE LUKA,URUÇUCA,PP,SUPLENTE,1,0.0,270.0
450,22155,TALINE RIBEIRO DE SANTANA,TALINE RIBEIRO,ALAGOINHAS,PV,NÃO ELEITO,1,0.0,0.0
451,22127,LIDIANE FÉLIX DA CUNHA,LIDIANE FÉLIX,PILÃO ARCADO,PSDB,NÃO ELEITO,1,0.0,0.0
452,22031,GEISIANE SOUZA PRAZI,GEISA DE JANUÁRIO,ITUBERÁ,PP,SUPLENTE,1,0.0,40.0
453,21863,MARIVALDO ANTONIO DE OLIVEIRA,BOM PROFESSOR,MANOEL VITORINO,PDT,SUPLENTE,1,0.0,0.0
454,21676,CLAUDIA PEREIRA DE ALMEIDA BONFIM,CLÁUDIA BONFIM,MADRE DE DEUS,PTB,SUPLENTE,1,0.0,0.0
455,5372,KELLY SOUZA AMARAL,KELLY,SAUBARA,PSD,SUPLENTE,1,0.0,0.0
456,21287,EDCARLOS FRANCISCO DOS SANTOS,BOCA JÚNIOR DE BOQUINHA,MADRE DE DEUS,PP,NÃO ELEITO,1,0.0,0.0
457,20947,ADRIANA CERQUEIRA SANTANA DA CONCEIÇÃO CONCEIÇÃO,ADRIANA DE TECA,GOVERNADOR MANGABEIRA,PSD,SUPLENTE,1,0.0,0.0
458,20823,MARIA JOSE PESSOA,MARIA JOSE,MACARANI,PP,SUPLENTE,1,0.0,110.0
459,20758,ITALAIONARA PEREIRA DOS SANTOS,ITALA,ACAJUTIBA,PODE,SUPLENTE,1,0.0,0.0
460,20744,RICARDO LEO BEZERRA PEREIRA,RICARDO LEO,ESPLANADA,PODE,SUPLENTE,1,0.0,0.0
461,37204,HELENA NELSON DA SILVA,HELENA DO MST,ITAMARAJU,PT,SUPLENTE,1,0.0,0.0
